"ID","BLUP.btw","SE.btw","BLUP.tarsus","SE.tarsus"
"1306",-0.809155732934117,1.19273916621725,-1.46314130179526,2.71098688358064
"1304",-0.02033239458504,1.06675011649572,-0.224824643344796,2.52167895871955
"1298",0.534902465753024,1.18641583752103,3.16174973803011,2.74174342686818
"1293",0.47394699321112,1.3359675431482,0.914912841474703,3.03686390273327
"1290",1.29927580248722,1.1618724140506,0.716953369421682,2.70201962321415
"1288",0.294996631854551,1.33170431326703,0.637712959504084,3.02909889047733
"1284",-0.0159279251221104,1.33569958037166,-0.00511272042009917,3.03631123781459
"1283",0,1.41044568673996,0,3.19840224807511
"1282",0,1.41044568673996,0,3.19840224807511
"1278",-0.646381352111199,1.28604560254788,-0.235036210443371,2.92443351434153
"1276",0.038643359117947,1.33749531047243,0.0644340844104281,3.1100549317446
"1263",1.24076164251391,1.21468624703828,1.81280983408188,2.79995437440805
"1260",-0.0781827799959795,0.898106013941725,-1.57692282664261,2.25397796310627
"1257",-1.13057683105987,1.13430928349909,-1.81292809806362,2.57882488696926
"1252",-0.467355605381286,1.25229335055476,-0.916664338436317,2.84401196979993
"1251",-0.265153323992807,1.31923747710471,0.1863557044275,3.02053611356931
"1243",-0.336429850922855,1.24896769212586,-0.296213790325023,2.87811457293158
"1237",0.288418421848257,1.16439207407186,-0.348384061299641,2.65111058616512
"1235",-0.123009647546136,1.29622115988429,-0.332437466690023,3.01628079203074
"1232",1.04751458871495,1.20752854485865,1.67432608963984,2.75080027135375
"1229",-0.381940568903511,1.15404341803257,-0.122564847167564,2.71060543531554
"1227",0.0276928822332058,1.01039181839487,2.19206387907862,2.48656472087425
"1224",0.0862132212304044,1.22224186648945,-0.209395215576014,2.87801645042042
"1220",-0.456416252588642,1.22335008674063,-0.333058814742742,2.81091911225667
"1219",-0.186991499516401,1.39130512503511,-0.153401002744106,3.15691032888709
"1216",-1.19443609579339,1.15451282819262,-0.250475504498692,2.65977529599188
"1214",-0.643222252647888,1.31589391843858,-0.642590980551377,3.01727410386056
"1211",0.141573251275278,1.15451322620065,-1.23607600758442,2.68160789811906
"1195",1.61701098846516,1.28414804496969,4.5578939092391,2.91558958418218
"1186",-0.70254601244051,1.2244458378881,-0.484988324871032,2.77753452820484
"1184",0.205343651451699,1.11842239903849,2.42155778588943,2.63323617522928
"1174",-0.502992142583472,1.31549894357893,-0.776894928278031,3.01594459724768
"1150",-0.990176530648959,1.24684263368847,-1.17625893879772,2.93234308787988
"1146",0.494433430766053,1.180183822638,1.85290553812221,2.76874607053743
"1145",0.907423171433748,1.26811849378634,1.09177335010317,2.88563517682795
"1140",0.0215700611561529,1.3354084441945,-0.673078290299028,3.03555609536788
"1137",0,1.41044568673996,0,3.19840224807511
"1128",-0.770290844399768,1.33651454858972,-1.31754300918894,3.03808043054013
"1126",-0.152407917569779,1.34002688974691,-0.254125543163454,3.11308321678676
"1117",-0.472098316186804,1.30884435100625,-1.36931899071204,2.97518210062998
"1116",0,1.41044568673996,0,3.19840224807511
"1113",0,1.41044568673996,0,3.19840224807511
"1112",-0.448109571776586,1.2163162839562,-2.37465602991837,2.76819285906652
"1108",-0.81350002996705,1.25341334108024,-2.8369052234744,2.93121707954606
"1107",0.184541806277989,1.17561644654149,-0.757909457775846,2.77800088496877
"1097",0.299005860242264,1.06127198052138,3.18113464844321,2.49556390238368
"1091",1.25736027239109,1.32148045356906,1.59531657872771,3.02033974769815
"1089",-0.569374880402436,1.3357180894944,-0.798726849300164,3.03640633369051
"1087",-0.0253383825544874,0.92422924680089,-1.83458315225159,2.19276170966584
"1085",-0.670558568769556,1.19007695994504,-0.587590559479906,2.70058850952568
"1084",-0.705276128154297,1.14972617251132,-0.701930122894966,2.67989768516195
"1078",-0.250374316765441,1.31165409009906,0.48357304397939,3.0124727973681
"1077",0.579550689006412,1.2139749781075,0.341142659011786,2.7690059095019
"1076",-1.82155344014175,1.02616443290228,-2.83809708508085,2.44885066833924
"1075",0.0142186422530629,0.87702469555912,0.382691747353707,2.12750473563337
"1072",0.358562800361552,1.1201385107641,0.38371227062289,2.60426764636819
"1065",0.251961553894423,1.28891704034042,-0.224431670783402,2.95369041694128
"1042",0.282012927748201,1.24340349025429,0.415364241282,2.86071334220927
"1033",0.730021600546918,1.33569958037166,1.51152072566552,3.03631123781459
"1030",-0.799405244529902,1.30865737130607,-0.791970905802442,2.99516735666293
"1025",-0.278442061817734,1.25608622218611,-0.991004645078275,2.88277731035171
"1011",0.0604450702754869,1.15409054246384,-1.3839423889425,2.67819042614264
"1010",-0.568924380239909,1.21143352646846,-2.32700830604408,2.74355036108272
"1007",0.3349426664881,1.06697494689805,0.59897214620007,2.4969080276612
"1005",-0.584081214661426,1.22085673706524,-1.7990423008922,2.8166820392158
"997",0.234367431774246,1.32144814092584,0.390785149808148,3.0909243205361
"991",0.317024541146344,1.25651960853986,-0.0121081563968191,2.88533997078941
"990",-0.816599038495287,1.27249981980011,-0.422693876508972,2.88958276226368
"979",0.652121539762562,1.31923568599673,0.830639073657637,3.00339338896706
"977",0.105165375570772,1.32378680880357,-0.378764815984573,3.02902557146083
"976",-0.396064643078408,1.31368795014451,-0.873983632495905,2.9964461268234
"968",-0.164515787641639,1.13238812344332,0.401371504649301,2.57069345893042
"956",1.57987742687032,1.23056109763827,3.64430579222609,2.7972629000944
"955",0.378223352250591,1.23450689923423,1.08143221495097,2.82010839960176
"953",0.482618363914536,1.28401739883637,0.940867167569467,2.91540923670602
"952",0.961698533753639,1.33600376847892,1.57762508730501,3.03676551626931
"950",-0.399036503830104,1.27695228885541,-1.08076615400842,2.90098980645966
"942",0.591561732092825,1.31502345017499,0.281379529308622,3.01705951020115
"934",-1.40529007744172,1.11208526233661,-2.17882817785919,2.60048679192041
"926",1.94613167332842,0.798373306505371,4.38840633310403,1.92833860221737
"922",-0.962481514354486,1.16936398483546,-2.72053199843118,2.71506521270615
"909",-0.203351985345571,0.884219471330227,-1.1896941220198,2.12965546453804
"908",0.936229258752943,1.21964064922821,1.49043177063285,2.76749954346095
"895",-0.203836748289104,1.24234805336605,-0.90636914067472,2.82891158354432
"893",-0.0145221845059159,1.30118527516075,-1.24022592098053,3.00207962605795
"884",-0.350387366962335,1.31132293488502,-0.952064980247341,3.01211123274098
"883",0.496395420490301,1.32860621545726,1.49996873238663,3.02025614413279
"882",0.399389409200147,1.24072008428269,1.91215783167662,2.9082734007902
"873",-0.713760663734997,1.10924374511033,0.843627958010847,2.61796354694416
"869",0,1.41044568673996,0,3.19840224807511
"868",-0.172809602774355,1.37509551435508,-0.528663546286607,3.11940083668433
"866",-0.226100496956167,1.3400390158853,-0.377000831155679,3.11309772880574
"863",-0.0112738793685825,1.24405505585002,-0.340019169155725,2.82088231059575
"862",0.68345541968029,1.31696741168135,1.81072470343779,3.0161763510415
"855",-0.296773564092502,1.28106128275153,-0.257557651996655,2.9408045291135
"854",0,1.41044568673996,0,3.19840224807511
"853",0.629357177714873,1.2435766559956,0.0991718372180855,2.85747766946834
"842",0,1.41044568673996,0,3.19840224807511
"821",-0.136926338157806,1.14698562595151,-0.449541211996922,2.6891813850736
"812",-0.514486948114478,0.993554187699056,-0.647193701780222,2.41500851706992
"811",0.78533330762595,1.21577807947398,1.524641969678,2.77212270642107
"796",-1.02726873358141,1.24416952868442,-1.19695855448515,2.82114010299951
"792",-0.203575718249326,1.27378406327621,-0.97157704814859,2.91800252342362
"791",-0.0835841525566641,1.30970452873022,0.153976844890844,2.99465056890157
"775",0.975336038505426,1.29834766650178,2.60039517710458,2.97276760881589
"772",-0.0510480428549371,1.32829534312693,0.206810814189997,3.0281420179436
"771",-0.197090723165744,1.30951139940872,-0.811258395257461,3.00106630098119
"768",0.434931886225144,1.16508932054446,0.304360425041605,2.69945626638527
"765",0.136577239616978,1.33079592976475,0.132574510235674,3.02725204646493
"761",0.326019961803408,1.27739644068605,-0.392049916389137,2.90121914390426
"745",0.290147973489285,1.24760341703185,1.23642077536861,2.87363426950789
"742",0.0183747533883431,1.30073745616694,-0.231160390433214,2.96646554116185
"740",-0.37095488804058,1.33251474693836,-0.499774781070614,3.03076910694207
"736",-0.0509295996779289,1.33226116280476,-0.125851902513286,3.03033123674765
"710",-0.054927595505999,1.30959284095827,0.416773501048129,3.0092844104744
"703",-1.06410442819755,1.31626177569233,-1.86947833316415,3.0183931225129
"702",0.341488037971031,1.29049565718124,-0.678983576528037,2.98507743626603
"701",0.595006673561463,1.33965431379635,1.08216682699558,3.04981639477525
"700",-0.00913266859942884,1.31447904448223,0.0272841389753633,3.01748019308567
"695",0.874643134122881,1.03176746308569,3.25723328919527,2.42342507190565
"692",-0.590287911849083,1.12144855629937,-0.685184925969649,2.60653831741725
"687",-1.87355147849804,1.16817505536671,-2.87852744884815,2.71610719387223
"683",0.862056533676165,1.3299768982866,2.91762340667385,3.03165511002026
"677",0.421357011926026,1.31809372636803,0.550038732025588,3.02144355839835
"672",0.675525277003444,1.28345519534667,1.8763168494036,2.91430266595816
"670",0.495703176389272,1.31830853772621,1.52212932984214,3.01878902062335
"666",-1.06862040008826,1.10315441011792,-2.64910556952339,2.50462685815539
"659",0,1.41044568673996,0,3.19840224807511
"657",0.783150415726916,1.27785888637181,1.38326725039047,2.90217124145126
"652",-0.0782546129357753,1.30105589768435,-0.447794225648733,2.95964880126976
"644",-0.120360295684706,1.32146469916869,-0.347745951511477,3.02059284709707
"642",0.509059899567681,1.15834050396113,1.89322558943264,2.62796644265862
"641",0.529800500870999,1.25495430843721,0.88090631432496,2.93596144853126
"634",-0.198209566271859,1.34024317047078,-0.330495386933998,3.11334206142332
"625",0.401573901778298,1.32996882424241,0.358810615704683,3.03448430569816
"623",0.0520787327698454,1.26933970353289,0.245208305946212,2.8825506348468
"620",0.143730979614772,1.28760380713553,0.341905723141078,3.02244376416254
"618",0.479109759518021,1.18815787582404,1.48343205034825,2.70303378351378
"617",0.603676715179227,1.32668467061276,0.930571000945878,3.090653539441
"601",0.633051337506967,1.32410912104401,2.20624921880148,3.02910696115685
"600",-0.347500500645203,1.13939221342843,-1.07791314155363,2.59562811940351
"587",0.639181941195765,1.22502236530764,2.02193326133633,2.80486474447828
"580",-0.218363830330255,1.33205769698046,-0.878662712906131,3.02888178344858
"577",-0.32517543407861,1.31072602174793,0.623286053759928,2.98067489921452
"573",0.29011456134017,1.32895200322775,0.483738126311209,3.09985598689307
"571",0.510893463777521,1.31015981585665,0.303336012616669,2.99786091813997
"570",-0.698145115013705,1.27711630217952,-2.51131445413589,2.90056663772989
"566",0.990230080034801,1.20369167613408,1.86792816639762,2.78115739518821
"565",1.20429244661558,1.17907952654426,1.81601460725509,2.70033501366491
"555",1.30150691362067,1.28833815469692,2.10842621139477,2.94758597581434
"554",-0.998391291140759,1.23102277796245,-2.9333682882626,2.79330550573485
"542",-0.693822451055529,1.25512386953212,-1.35930231883584,2.86917681630602
"540",0.0362659820435668,1.385580791589,-0.0230439328226105,3.14388868800108
"539",1.45636947344026,1.12028238179004,3.18071268306491,2.67349807881924
"538",-0.890859195927157,1.22264609902066,-1.90445675502076,2.77845450921947
"529",0.0978157828665837,1.3289615286151,0.163098409500597,3.09986734047155
"527",-1.10182683590767,1.31584626106048,-3.17083663497498,2.99239944082927
"512",0.566571912965123,1.39243930078194,0.944704169043572,3.17639086566552
"511",0.370773162893056,1.12579846186557,0.264804061664417,2.62391562966904
"504",0.845226881353995,1.0888398836235,0.536269550532071,2.57540473489579
"497",0,1.41044568673996,0,3.19840224807511
"489",0,1.41044568673996,0,3.19840224807511
"485",-0.730033959948681,1.30798163167,-0.677637304714769,2.99877214300259
"475",-1.10189497957415,1.12275874901949,-1.73913363079286,2.65942328308053
"474",-0.226966859055135,1.07724489077189,-0.605235498455614,2.52750982345792
"473",-0.568187132231945,1.09718068808125,-0.678342453728923,2.62949822583137
"468",0,1.41044568673996,0,3.19840224807511
"467",1.36554791016188,1.31280994599151,1.22772552130948,3.01499270002882
"465",-0.193549163388614,1.23114695930256,-1.77851591621274,2.84647208695891
"458",1.16654892690883,1.00314644258841,1.36059345839629,2.40024755258861
"456",0.0959135453214021,1.31422165489023,-0.274128451443216,3.01415104473329
"451",-0.257434961092587,1.33140074469391,-0.838921896613969,3.02770024864874
"450",-0.02893876996354,1.30965618227852,-0.40967676429491,2.99873038409837
"440",-0.751920615604339,1.24119347848062,-2.27224654865221,2.92581499422437
"438",-0.112927636783072,1.33077958385656,-0.293701187415923,3.02627120844397
"421",0.693575756226492,1.19552375663837,3.31956527374099,2.75073062741065
"412",-0.731918462628123,1.25618804563882,-2.094540635215,2.94214456951154
"393",0.323955864700506,1.11904949662587,-1.66301268010848,2.61600752183071
"381",0,1.41044568673996,0,3.19840224807511
"374",-0.586255793459803,1.3119505739852,-0.995732045075055,3.01238888140502
"354",0.75261186152553,1.3201201438016,1.25490788898069,3.08934622580169
"350",0.0639907640966125,1.23793764983039,1.40598107563417,2.86256872473323
"339",-1.63023416286918,1.24285821428265,-3.56174798800858,2.92757965132359
"331",-0.0207210728005267,1.32093776655439,0.866379612744104,3.01934779593775
"328",-0.277966989513505,1.32104718894986,-0.174801552542109,3.02053319551553
"327",-0.65697690529572,1.15293230724471,-1.85786084578444,2.68216943861034
"323",-0.954150352772391,1.2497916137532,-1.59095393811723,3.00691961634398
"320",0.394131588413413,1.32332910757846,0.855512839446615,3.02671947711063
"313",0.0358047991564908,1.31163221421269,0.382228856462979,3.00279721788124
"299",0.519300898171928,0.990011392403249,1.33061521700113,2.39654602232682
"293",0.408096640349026,1.16710022175864,1.33765122296549,2.71242603433504
"290",-0.559294727007555,1.15456746023379,-1.79695545566177,2.82048643139468
"273",-0.0384085802741561,1.31413516616343,-1.11951788106486,3.00071410152206
"272",0.257446487064709,1.07377301469417,2.06666640879358,2.56006958985408
"267",-0.903386254570542,1.30231099304838,-0.256894958005989,2.9884234464809
"266",-0.0442736111872181,1.31378220681118,0.114129989604973,2.98626514589366
"265",0.896981325737232,1.23319124271658,1.81003629518949,2.91070131628943
"256",0.16601647525099,1.39172330717847,-0.109279726260287,3.15782572426009
"252",-0.575925427420304,1.15773638940721,-2.13099103981872,2.68385341456479
"245",0.325698714998515,1.31611393381453,0.543071279868002,3.08459027775405
"228",-1.50163326396782,1.11693182875321,-2.28366210621077,2.61250703539976
"215",0.296015726280423,0.974945680389196,1.29601540023013,2.33459716217788
"205",-1.61754023487465,1.07634722487583,-1.24488329527071,2.51824651178215
"199",0.361860896835115,1.31253932984956,0.411630729059961,2.99777280217021
"196",-0.00760662435430665,1.31482489468199,0.727126668871121,3.01516268805468
"191",0.174052792339021,1.15750299196441,0.128074484133017,2.6781811007334
"185",0.136690008394067,1.17914242859742,1.43949351906437,2.73865952791735
"174",-0.228586715781906,1.30160951334894,-1.87709664793143,2.98632908681522
"164",0.00295275999608369,1.23499434745227,0.313555975340191,2.90740677133533
"160",-0.0555631155573547,1.37395689405713,-0.136321660954778,3.13603879046105
"143",0.758270360895281,1.07443252241288,1.71897619744392,2.59085497048164
"140",-0.275245488342657,1.32532894262307,-0.459738114644523,3.02855479736876
"102",-1.67397227917623,0.987577105746069,-2.47025537030657,2.48332385388309
"92",-0.159824245483931,1.2480682027014,-0.327376173155547,2.9321735479335
"85",-0.533266666364792,1.24890920956618,-0.690132793489852,2.93501808462701
"58",-0.935493018387517,1.24322994554925,-1.55984462758966,2.99934750067893
"46",0.612163674914545,1.30807261637991,1.71039435736535,2.97433395964718
"45",0.157701735811632,1.15395912827572,-0.350151434644595,2.70397610909965
"39",0.0114892162439441,1.32208044932887,0.99243717435101,3.02214019090452
"31",-0.333608859617187,1.31590667601882,-0.556260685180892,3.08434442698642
"23",0.250421754301535,1.24660888196461,0.651576014257626,2.84671661671859
"19",0.604155892017107,1.2516253428489,0.618903838102345,2.93764426995862
"18",0,1.41044568673996,0,3.19840224807511
"13",-0.400763456562244,1.33107695363187,-1.44436079328867,3.02694470209551
"4",0.303934531939565,1.326899020969,0.708443380165977,3.02713274330178
"1029",1.21248549020005,0.988199783397731,1.64533077664932,2.30216464016131
"1299",0.533983010616088,1.0249484765803,1.35609796606028,2.35101103904921
"643",-1.30555038196885,1.07549037332584,-2.75350824559229,2.49783737422089
"1183",-0.801525779306641,1.00686558114638,-1.30886697757525,2.32843968967177
"1238",1.07580260991189,1.07402866300102,1.37915035667636,2.72336096377884
"891",-0.128991862368116,1.1884148000427,-1.21831393168185,2.69368580287532
"1181",-0.284462190119955,1.36341870813609,-1.16350415302204,3.09097069725971
"568",0.581859278332286,1.03514526301926,0.862635767223968,2.40342756478614
"1080",-0.642875412591021,0.940565304402529,0.168896339479592,2.3728887008631
"697",1.17363264157224,1.32181667633192,2.32352901673791,3.00744501078889
"1295",-0.472505609167976,0.947266207930533,-1.08250390137903,2.19780212283375
"1182",-1.33277605313569,1.01318364503855,-1.33487570046643,2.35920534896195
"585",0.640691477896632,1.17036924242023,1.68392529353162,2.66088129617159
"951",2.25013888590507,1.06971615388167,3.48182477510841,2.49390349078818
"1249",-0.618334099548671,0.966983076506085,-1.52114435078317,2.2429165742165
"1144",1.05607243838432,1.07039819569728,1.08410259860861,2.49201565128446
"564",0.784224266265588,1.05835367879021,1.21160492704894,2.71411491215811
"948",-0.240849332789627,1.07008913124147,-1.31706721786934,2.49273199160426
"1009",-0.119042323423234,1.05787750760411,-2.28468332831139,2.48159792610789
"731",-0.67155238686264,1.23057642020122,-1.46318560766321,2.82871640165942
"665",-1.11442594085157,0.900731207200243,-2.28838408005455,2.26802465475699
"810",0.0122702062470988,1.02634700134219,0.416496125890326,2.62592665158229
"1236",-0.689401943677069,0.938916010070182,-0.927563047346748,2.18300190316637
"1226",0.827040933322082,0.987980254518997,2.19658040405621,2.29548353559118
"954",0.908372007896539,0.979553980750486,2.7719719378917,2.31530677607646
"947",0.650974328642487,1.06434791586471,2.06373861643404,2.47510541747735
"537",-0.119517796050244,1.15878734833327,-0.724331665253977,2.63592697335827
"949",-0.639463870907675,1.02488093870752,-1.32813040976768,2.39188749626611
"1275",-1.13367993050494,1.193310816178,-0.881580416154144,2.70795726800363
"1305",-0.748571632279575,1.02237281104065,-1.73540281663374,2.39750856161825
"576",-0.153069295591202,1.27137832396699,0.666176495439788,2.89206873912908
"809",1.2689235195352,0.977335200488967,1.89689093367014,2.27418473885467
"1180",-0.351273006220255,1.36632158693073,-0.242494162435516,3.09854921200413
"584",0.274434435388527,0.925757500175429,2.23235628088208,2.11859537923471
"1088",1.47853800564323,1.32190075770874,2.21471454292921,3.07448752435703
"533",-1.41520703219357,1.03376188074458,-2.37186405202187,2.6470843785502
"614",-0.139529556903951,0.995953011909243,-1.54768255384576,2.32365645377763
"865",0.0725319640871335,1.30815343685344,-0.046087865645221,2.97435934424357
"889",0.638095084576216,0.936056372157243,-0.824448608842154,2.20889871676711
"905",0.756897260281768,1.0265433634088,0.703216912957653,2.40509513184971
"944",1.73951571969561,1.06070301114223,5.13152672431526,2.48240000712992
"967",-0.861980646720718,1.01738076009208,-0.746518236674099,2.59681855385895
"551",-0.128903929210095,1.34445941569861,0.150896231890358,3.05665419235666
"1026",0.886013659963596,0.946126204957363,0.730726848243088,2.41390242319981
"859",0.839995260362144,1.05499158806203,3.09150331594562,2.47166761225401
"1109",-1.48300530959964,1.21981195723382,-4.27392021420776,2.77982719384131
"1302",-0.418674477530837,0.902003610596554,0.0115300443835739,2.10966822923045
"1073",-0.817117182932049,0.951044557456839,-1.54546165765688,2.23180735290488
"661",-0.611707367366671,1.19399194722165,-1.85592001347014,2.72130994189157
"759",0.163009980901704,1.37838789645799,-0.196024958194569,3.1267556405335
"636",0.144418040960471,1.0407162568131,2.22453095277495,2.45251510023589
"698",-0.0171779804756463,1.26798028592649,-0.70815937133246,2.91522650719881
"1296",0.525359364221366,1.29283956874006,1.56956026840395,2.94267323393174
"558",-0.466757351059591,1.02897142097885,-2.2348587312262,2.39949597221372
"1253",-0.561251854282676,0.978213749891775,-0.0525795123495389,2.30527148674378
"578",0.636631060124895,1.0423356740874,1.23115939956826,2.45366331262742
"1090",1.66486267533449,1.08355014558041,1.77357690389007,2.49475233371417
"978",1.30424307952512,0.996724673668195,1.66127814731527,2.32210175790997
"1233",-0.541986209361507,1.01652252501331,-1.62376737769309,2.60927475861257
"906",1.75922237126959,0.996593182193138,2.0082275740325,2.33519263056572
"945",-0.661789832368933,0.998077173137317,-0.766804819195229,2.3428190290942
"1250",-0.550054913904544,0.983184959256883,-0.770516495307619,2.29213760502648
"963",0.291417706382388,0.957120400622618,2.45444724125608,2.24250526868268
"535",-0.445429597963578,1.36591860932309,-0.95222837751038,3.09875540666239
"793",-0.719526830853372,1.05485402331789,-1.33061324064915,2.4717262970617
"621",-0.730998878742361,1.06082809616605,-0.444831464021518,2.47499896727557
"1027",0.856382416712547,1.01493538271829,1.1359614349065,2.37798323657939
"682",1.72411306735233,1.05227519887815,5.83524681334771,2.46462979024683
"655",0.81708110130673,1.03191751761131,0.856732268493907,2.40667218484632
"1303",-0.12685742892336,0.997611202804377,-1.15556993691165,2.34623694339197
"662",-1.00631584395571,0.982882994795353,-2.29428535070369,2.31465610473527
"631",-0.467136882818327,0.976145774606263,-0.672089122076477,2.34965917550677
"760",0.233190626176233,1.06334076949793,-1.84276055819681,2.47777886627973
"1081",-0.776084247857555,1.02300519150561,0.596526971715881,2.39576839532514
"1079",-0.44058536090812,0.986395617848229,1.2270664841248,2.53909766706372
"637",0.531975498905501,1.20790940525537,2.77115745970868,2.77427070634815
"1294",-0.04825883058925,0.956477994147181,2.07817008408517,2.2638375064658
"586",1.00241991030213,1.05452516536302,2.1495182095953,2.72200521721144
"579",0.320345738948316,1.35442194951697,0.84196264676581,3.07284965845189
"541",-0.31934909544525,0.930299155900821,-1.02639174506774,2.1253180383224
"1225",-0.301530642624556,0.992339371012823,-0.897492901670243,2.54206575922072
"946",1.13216521433659,1.05128761289633,2.11316717466127,2.71176666107068
"1127",-1.54058168879954,1.08490250651284,-2.63508601837789,2.4960769195375
"525",-0.550913417953835,1.38740067108216,-1.58541831748749,3.14816554659023
"536",-0.93072327033651,1.25391336767295,-2.04330026903497,2.84811722506084
"794",-0.441513704433016,1.05440986871549,-1.20715269171545,2.47162751028575
"790",-0.56532745076463,1.02197358130715,-2.20689738589608,2.33997957674037
"622",0.723816726447058,0.98850762486269,0.953784990890068,2.30322885658469
"892",-0.235669878710286,1.02361827911844,-0.453636925690323,2.42466457122068
"1028",-0.0229563712151052,0.976450825795012,-0.390469138959626,2.52019415563893
"1194",1.57044454597246,1.06102963128143,6.71612633126867,2.47364823913911
"656",1.14079493801056,1.05943432896605,2.60143585748228,2.47114611931822
"1110",0.931282405247154,0.921181204531482,1.43095248022236,2.15309582446293
"1277",-0.482273449773055,1.01970853642855,0.293989890045718,2.35637039853717
"1074",1.95729797115614,0.999536087502346,3.20330935877146,2.33057909581538
"632",-0.480107342404426,0.99895568166972,0.363533033875643,2.40613545251501
"638",1.95607228495039,0.991211221369177,2.72284058336421,2.33720795144907
"699",1.49127718864965,1.20580609202721,3.4619848614388,2.75906533568368
"574",-0.162587717039305,1.38618846209825,0.311643026879964,3.14538366802379
"572",0.9885755466281,1.15141629554303,2.61931524286354,2.63133077015341
"1141",1.12330126984461,1.01571038459084,1.76353833076848,2.62832913498602
"807",-1.14984060376448,1.04677514790316,-1.14233098282288,2.44706785580228
"932",0.273871244269384,0.890938170872615,0.913281351185321,2.10931644591084
"559",-1.27860543647467,1.05891692702275,-4.04342740411352,2.47043689956523
"1176",-0.409639056140037,0.992221179639591,0.960980663042003,2.3196560362001
"1177",-0.210031204330044,1.01946158545264,0.449393671951994,2.40202879090071
"988",0.119798185714003,1.00240340725671,2.15789077141345,2.33558446529225
"676",0.739269002821614,1.38883878824731,1.10735727146461,3.16787801054991
"599",-0.290190566424425,1.03077593606374,-0.0671753972358577,2.43901826290598
"1234",1.08183293871437,1.04571328796459,0.685186965402979,2.44548546471996
"1228",-0.420472397251644,1.00579498997739,-2.84967935011897,2.38432272050637
"503",1.15707523124495,1.01655020294668,3.38148419679131,2.39680446322179
"960",1.92339706750728,1.08238309845885,3.15525017461002,2.4896683276561
"526",-2.20365367181534,0.978639067918958,-6.34167326994995,2.26461626604279
"964",0.474485022550289,1.25913761558829,1.43883992160773,2.86858412312629
"530",-0.244581376162045,1.03987342177036,-1.46669100524445,2.44598258295238
"795",-1.92076566545785,1.05134847317828,-1.05310973109086,2.46463055947429
"860",0.0675726483894853,1.05285511156813,-1.68126226711433,2.46673921933538
"562",1.83989528820285,0.997485406410414,3.16264636254655,2.5524302924407
"1136",2.47208292519044,1.06238521156923,4.67860844182909,2.47581645851732
"1178",0.00911151473560363,1.0470194261238,-0.628118961326808,2.41524263982761
"975",0.948203518979205,1.06136707845185,1.74816230605764,2.4408849627277
"1082",0.682184847582585,1.02759863799828,-0.343137525518929,2.40884030347883
"639",1.15563045256789,1.22581060968795,1.7945866461265,2.80644778091119
"885",1.90449165729593,1.04888068128903,5.12892597024406,2.42236691397219
"575",-0.659869289605322,1.08042692106533,0.892038638960031,2.48482012354955
"1142",1.22909294591555,0.920666275451018,1.76057573066757,2.15506226933515
"808",0.00613510312354944,1.32490181455969,0.208248062945163,3.06532304989889
"933",-0.81765476577651,1.00799257736928,-2.41654755462657,2.38715021517952
"1041",0.248875011590287,1.25884031258121,-0.295956804076783,2.88078065849813
"608",-0.343846304323092,1.04520880978291,-1.44028184311954,2.41071027189856
"1254",-0.866789554832327,0.981150551014623,-1.10602665448384,2.30761830970803
"582",-1.12808473376288,1.00870593260764,-0.687736709616803,2.38414863884145
"989",-2.16129578195222,1.05904114687238,-3.21462546268588,2.47081595053409
"717",-1.26403584815766,1.04840463597105,-1.93559419761685,2.4513542928716
"1047",-1.16497151158095,0.926524772258595,-1.35906241745865,2.18639914851336
"1045",-0.270993104680754,1.32300691131883,-0.811883688846543,3.06176605847868
"1191",0.342922791994111,1.00767186033465,-0.504977130697665,2.38589444796737
"907",0.292568144707468,0.996461811692521,1.75985082490841,2.33508841012186
"911",1.29211183777905,1.06263712639525,2.66568209924397,2.47591043630651
"965",0.716241899177539,1.03846945682527,2.34817641474606,2.43916355705655
"531",-0.545817268438208,1.04148814606555,-1.04487273874825,2.44812438887199
"861",-0.941389546857377,1.05286373927119,-2.43029855629847,2.46829750705049
"993",-1.51678334528306,1.05875164486167,-2.93793551141422,2.46083086894997
"1008",0.347573327769085,1.04690938169138,-0.338446054983655,2.46203400709565
"1198",-0.408462397682325,0.954188616381705,-0.827859569490313,2.44911353892942
"730",-0.413089829656433,1.03885431251339,-1.3880431547048,2.3974748544053
"663",1.20357604408947,0.952076880011611,2.33991228405401,2.24385730211121
"678",0.191703417760801,1.02200165489995,0.271221745940801,2.39762067948364
"633",0.180733080066841,1.0010813339953,-1.58390973932667,2.41280879749988
"1261",0.653319477079786,1.045512343215,2.56630719316661,2.42156855141713
"961",0.131730060114623,1.009948499659,-0.213220975084293,2.67442646453928
"626",0.817178059706585,0.938755484203963,2.90797887709337,2.16709199487653
"1297",0.239900582651427,1.02950794745802,1.182244536169,2.40588020343904
"1185",0.0266637951208011,1.05121731943384,1.18877770342859,2.46259942684232
"1189",-0.800772867446284,0.963267928208756,1.57518082700306,2.25387951814746
"628",0.353215312042986,1.22104232980555,1.72010668407207,2.78714439612854
"1255",-0.58879715136454,0.938894744511751,-1.40908321429908,2.20396219083916
"711",-3.16547664441979,0.909709542815326,-4.65098709884298,2.31241270979702
"828",-0.159674547722625,1.30705084304321,-0.513195872533871,2.96674516876215
"888",0.735648478021062,1.01813016990704,-0.338883799097507,2.39070679027801
"1221",2.57002820522771,0.962085251979815,3.81586129832639,2.23847784151073
"505",0.258057534267264,0.98896556699143,1.75227043694407,2.33411754147256
"966",-1.13247704579114,1.03860157320654,-2.21117275283967,2.44069229983546
"894",0.031536944305108,1.05649838567067,-0.735407206014005,2.46693509505905
"1129",-0.064495931184058,1.3583446582781,-0.609156965840926,3.07998677051086
"681",-0.473708375115272,1.05339964063889,-1.67608617368356,2.68252418164755
"1053",0.543953817655945,0.983984914147115,-0.505620725761281,2.56799905625062
"718",1.10393123975211,1.06708927174496,3.32092621429149,2.73730425212769
"563",0.814681524967132,1.02082587391082,0.559635982401999,2.36788111997007
"553",-0.662727031575487,1.04707631295903,-2.15460027796358,2.4599578665876
"598",0.320014723151981,1.04640296569044,0.356403957043002,2.41451243117265
"596",-0.668168897287813,1.04587870314792,-1.15383537371252,2.41342943782621
"1111",0.127610380592516,1.04915709834585,-2.45394396417495,2.45301467630581
"664",-1.25941067650668,0.994063011863682,-4.75429634057368,2.34899273498073
"679",-1.7297463550476,1.02310388412039,-3.43543201705468,2.40164275635427
"567",2.83703983498306,0.92543825310228,5.91347610032012,2.14909686479102
"1083",0.394773731850853,0.990580553931089,2.11242025110804,2.32260763762342
"1262",1.20811599013778,0.872759927103976,3.8994381775447,2.07107254508962
"640",1.82682194696186,1.03627808445911,4.07941992880354,2.44658624280683
"1064",0.122167531995142,0.985108213403215,-0.401021173803553,2.28546536336332
"1179",0.79742933355408,1.27417185754621,2.07295608533426,2.90919785739771
"1256",-0.553580663494754,0.959850842444918,-0.129261344308242,2.42213231313601
"583",-0.284511923240246,1.00731564622288,0.412985362029307,2.60581308166167
"744",0.132100937128596,0.929354268100792,-1.60925683692271,2.17240396246285
"1048",-1.26823971883021,0.972575290194905,-1.82666982894907,2.35162818360299
"1279",1.78641860672134,0.98337006018126,3.34131000683221,2.26517350432418
"1192",-0.538214709205496,0.989279148648239,1.65989188588563,2.3460076238353
"915",1.67699268537222,1.00217575591218,3.80107682796736,2.58464170228249
"925",0.669999156157953,0.916890561446195,2.28307839926619,2.32266939592575
"510",-0.820873905969328,1.14795389587687,-1.20511749647713,2.60823242060633
"532",-0.424364566722284,1.03946789843986,-0.229726605167965,2.44716631145891
"557",1.12905266527649,0.978452886899152,1.8350088921572,2.29799782683344
"943",0.0675911892407523,1.02382368588376,-0.181147851754678,2.39866097750947
"1199",-0.948717634519546,1.0121920391254,-2.08600224291606,2.36691618078133
"560",1.01681570311808,1.05657401054718,1.8233299052394,2.44935305502626
"899",1.17195403561248,1.02404498485471,1.06543846778395,2.43699089519883
"1006",-0.316388411407892,1.04463087014887,-1.40887952280231,2.45802537738921
"1274",0.807909404129433,0.971985120895713,2.06487600876444,2.4905381579048
"597",-0.560887966349475,1.1600951173137,-0.394992736681167,2.64840007363821
"1196",-0.584898713913579,0.997693743976675,0.731124588160872,2.37815272006743
"660",-1.46352004090218,0.906126807755174,-2.59235657719204,2.12750684684694
"654",0.460486511982945,1.00068971252357,-0.472955987810067,2.32623663549228
"629",-1.72898712793874,0.946769888664235,-2.17104723895531,2.28713640555101
"825",-0.233568441409163,1.31538318362101,-0.336044561038238,3.00874679320639
"1259",0.77790482644831,0.947832353093704,2.48920558105686,2.42274837883731
"1096",1.40776263993895,0.965787676128067,3.9110872748864,2.22694078158707
"1248",0.779357911228899,0.895784134946523,0.753640706834358,2.25469291997312
"1040",-0.865561401494924,1.01771276765946,-0.132905733673267,2.4007734495948
"709",-0.280625927141338,1.3157671950432,-0.0262897561747694,3.00015030661255
"867",0.0813931504835132,1.02817305717783,-1.48831816258824,2.42416945089167
"615",0.367043395835863,0.966424916131397,2.6084750307183,2.26459269934509
"521",-0.334505073055365,1.34414468936571,-0.362487027858788,3.06421970001214
"864",0.380304479636877,1.07840020109445,1.09226626549159,2.48144841609438
"887",1.16865840936421,1.10556333565246,1.48075171488436,2.56103175776749
"1231",1.17275310150914,0.993417973052992,1.53177706151,2.32176437843692
"1190",-0.295836561045559,0.906622567972475,0.00487118504505355,2.14009091697724
"502",1.03319679153236,1.01611584587854,0.350000799832074,2.39689356185834
"914",0.424090810186538,1.02475879512356,1.33580512806002,2.65212403052582
"910",-0.0855659279927121,1.06048106329136,-0.313514180320304,2.47336551314687
"770",1.05367190104137,1.25534737350366,2.62222564974947,2.89682245054511
"524",-0.550913417953835,1.38740067108216,-1.58541831748749,3.14816554659023
"509",-0.669993300404302,0.926394977418267,-0.379656349465444,2.1902057085606
"480",0.26889654615432,1.01304902152395,0.569647854574865,2.39104239956098
"534",-0.867651693810638,1.05260411730939,-2.99602236200462,2.45664008283054
"789",0.250879532435682,1.04319714539985,0.616493104719413,2.67934419168749
"1052",1.13418262278315,1.01148510813657,0.422879509852268,2.41807078093705
"561",0.361553003908678,1.04465810663337,0.506841251783483,2.69825426864924
"552",-1.80330563105799,1.0179060680065,-4.98246734730836,2.39060978403395
"1019",0.568644694603249,0.917998376606104,0.3575034512628,2.17452786147982
"992",-2.61637018980693,1.04630941880259,-5.26312138724254,2.70061175955779
"1070",-0.860923577943668,1.04176449771787,-3.23961921827112,2.40510922331635
"1197",0.0601658854931215,1.19853033409525,0.244352272866704,2.8062725472553
"973",-1.34891203243765,0.915607847225317,-2.97981140661345,2.32856825139229
"739",-0.14685338129021,1.29695626845601,-0.247556990346602,2.95728467393629
"630",-0.835925316288625,0.996966023325909,-1.61457678524676,2.40514835988665
"635",-1.53922871542939,1.01764643229094,-1.21438711957376,2.40242496984944
"528",0.658835961778035,1.04171539620494,2.33839300927196,2.43485224097424
"1143",0.995363917318519,1.02104131203643,1.81827199735408,2.3938500780727
"627",-0.386697728044567,1.04975368383651,0.779981854891866,2.45561782247259
"507",1.20627719495232,1.00249954857162,1.9037285460793,2.38280064778499
"581",1.27564450093291,0.865314394229857,4.95287527906088,2.03276856231715
"675",1.68144254430011,1.0802748971026,2.93548318596797,2.76648761069332
"616",1.16556753594125,1.04425040714174,3.25999647914989,2.44827698038882
"743",-1.56473089674257,1.02044947959491,-2.04599694738591,2.39687390769362
"1046",0.713592347816636,1.02948450781585,-0.116887276813882,2.43849087909247
"782",-1.21383970609929,0.999725477664493,-3.67453548149313,2.38426177736962
"1247",-1.30548772238316,1.00438790064296,-2.33766261553582,2.39745725815509
"881",0.830982857603793,1.29080646791811,1.49703674449311,3.0188614827091
"688",-1.65526801233384,0.978773265216422,-3.9883146647337,2.52138487263943
"962",0.477012592489504,1.03607566396216,-0.161134779110305,2.43701721963737
"481",1.07245818842304,1.01192554991185,3.70425798610741,2.39006755357632
"872",-1.18864623649295,1.05556161291851,-1.74262984914483,2.46299483937478
"556",-0.521843069659325,1.00765094008094,-1.38259324815715,2.36368527747258
"890",-0.101918374144552,1.37035577419082,-0.45318457033736,3.11014756759976
"1024",-0.379498810843233,1.06310572552185,-0.66311780036297,2.72757760809286
"1130",-0.064495931184058,1.3583446582781,-0.609156965840926,3.07998677051086
"671",0.426995036576882,1.05958049600059,0.178040941084335,2.47160703591914
"122",0.919947644101426,1.31937942246837,1.58132318127327,3.04976356539505
"94",-0.529141210788799,1.01770313721628,-1.66303723951586,2.38973610333444
"118",0.141653586708261,1.07946162791246,0.710761172672479,2.47421160485303
"99",-1.74500191615346,1.03666169213549,-1.69311416086012,2.4412584012743
"150",0.168605092076215,0.909169477790773,-0.330882483983316,2.15607606859973
"109",-0.688517564167559,1.28357483256936,-1.92776089860733,2.99334095930491
"139",1.22430872046499,1.00121532884405,1.14051601111602,2.56885975348629
"108",-0.162573163933662,1.04235813603583,-0.689053521516169,2.69205188524752
"104",0.357833753676238,0.952254548906285,-1.53448763797318,2.29064025799059
"154",-0.335136709194654,1.01171358157742,0.125374378202841,2.41535558354739
"111",0.278759599087125,1.0010495683707,2.6452645384114,2.37543355992806
"106",0.067642686180521,1.30351220678369,1.12590754587516,2.98374021771692
"98",-0.79051883694156,0.975927797511393,0.266033079843024,2.29980065547621
"146",0.73179825398331,0.989821307310326,2.70230825301023,2.30324595214819
"101",0.348667601423958,1.01531501696421,-0.23762556886452,2.37225517929102
"153",-0.873163016778115,0.977433387976981,-1.75449192402314,2.30177668438339
"91",-0.0294983252467708,1.2696515150193,-0.264088449987061,2.91494130914456
"156",-2.1075431507203,1.00149086166376,-3.35944725767772,2.40551643666713
"96",-0.937362195470936,0.860754488169412,-1.30570836425387,2.02863612153524
"119",0.778890989527631,0.946914182236084,3.43766990372912,2.25000980961931
"136",-0.173750250322602,1.34780244488495,-0.538956570776815,3.0588648284827
"121",0.149817941798039,0.968994765285592,-0.589066486768878,2.50663113608828
"135",-0.994327938388964,1.02735328932329,-2.31985703160607,2.41367935282404
"152",-0.0480934955864283,1.24750136207845,0.762032442109592,2.91210078455518
"112",1.58907213826979,1.02282055792916,2.26725949458091,2.39990159366844
"125",-0.578858547183153,1.04175893058387,-1.02858023021927,2.39904345692656
"129",-0.0895197392661093,1.00585663979535,-0.153537711834741,2.57783954344215
"116",0.15189325612254,1.0515370445393,2.29808098091996,2.4312323628405
"89",-0.656482257205739,1.0035638410239,0.127029695815647,2.59042908489556
"93",-1.13952310080471,1.0328246233668,-0.979988113606621,2.41713615152706
"128",1.09559963911912,0.995212545667082,1.9990012916492,2.34971610667612
"147",-0.422096370898119,1.04098939417486,-2.80433893692014,2.45092217212501
"148",0.992790840980602,1.04532616789044,2.99993746477326,2.40799872990243
"193",0.719689492450869,1.25278715283879,0.545901212399895,2.86530214594093
"203",-0.00974850636494594,1.01967686442324,-0.192350495712289,2.68233215550855
"195",-0.090822805135114,1.0427392910668,0.28114134551461,2.4086366655065
"198",-0.262340818029496,1.29359804562642,-1.03221990431669,2.94978405059652
"207",1.24935215882445,1.02037418318505,3.28787302799484,2.42315963543037
"166",-0.453616774829532,1.04071063639333,-0.197516512864692,2.44559781932637
"177",-0.329607427676159,0.971665097532033,-0.18296451740889,2.31799956791963
"204",0.386877618698194,0.906806860430256,-0.535191743501511,2.13482728283734
"172",-0.73176002045109,1.30279861235943,-1.29617828859602,2.96713734957013
"206",-0.509742846843548,0.976423904099123,1.12393868125946,2.34623151643588
"173",0.0296435570059729,0.999227792653457,-0.704624544551629,2.36558856531625
"167",-0.358960512965074,1.30226742996484,-0.541970401360826,2.97296563671549
"190",-0.00858899023782316,1.37621265718895,-0.35407968566623,3.13001103870858
"162",0.605872658128544,1.04073266411746,0.55699371936648,2.43294379997646
"187",0.262679682110683,1.38198274738056,0.784780134201978,3.13642537704845
"197",-0.233378675529796,1.32541062419551,-1.1174293656131,3.01856388627711
"194",-2.1257597205344,0.998638693385426,-5.23899871355123,2.35794962754774
"184",0.832149885138664,0.98094439950224,0.947720994756989,2.30500524065048
"182",0.686630147243913,1.01819624628133,0.937743223381438,2.3927844371291
"171",0.561257266953886,1.02871774629944,0.622572936623406,2.38278422282538
"209",-2.74786152236068,0.93931481157175,-2.77624703248818,2.25723568354753
"165",0.0534570226294278,0.969024436392419,2.04946040246042,2.49140276197064
"183",0.142507865292826,1.00311158650491,2.62163959647745,2.37890936433701
"181",-1.71488856124163,1.00139414957872,-0.846360895799144,2.3779965986318
"192",0.247560691969007,0.961368888129055,-1.69709643230853,2.28206994465145
"180",-0.198948017404847,1.0519080071257,-0.18772772500772,2.70764942141999
"179",-1.03120776312697,0.95024130656704,-0.668906761693633,2.2676510679028
"186",0.322397715181444,0.908231226125284,-0.670146637549123,2.14146656108178
"211",0.797689981163719,1.02442034269524,1.07336044816621,2.65041125017997
"202",-0.721297228404334,1.16073802603786,-0.577155571427136,2.6802001646761
"175",0.67177707383226,1.01460214162582,0.331034781424435,2.38247404942635
"188",0.523608954429406,1.00973263185455,1.3251683266422,2.60983308899091
"189",-0.475410304467619,1.04637356756483,-0.280446631478477,2.41357944441222
"178",0.453628149530375,1.11401332579939,1.52258490384192,2.61672401713708
"176",0.0682436902640044,1.23355166102881,0.708272457326909,2.84408061291688
"169",-1.67792844579124,0.972743543786978,-3.0381127102974,2.27402298222731
"210",-0.672757442941482,1.02087975731297,-0.10572469101256,2.39403888595327
"208",0.16063686440277,1.07276840324144,1.30743001956036,2.75584408899031
"161",-1.10433419855623,0.926256594018147,-2.3887800950427,2.19913935276917
"212",-0.580619059437478,0.997981423547891,-0.694286696527424,2.36275892066196
"163",1.13900315055094,1.00719710707867,0.933813523363514,2.39574204840537
"200",-0.0803362065569756,1.00660384089491,-0.317120337400311,2.38169816358222
"170",0,1.41044568673996,0,3.19840224807511
"201",-0.0762039587848894,1.39317471723532,-0.127062771581727,3.17728728383644
"168",0,1.41044568673996,0,3.19840224807511
"234",2.10509663663812,1.02337758318613,4.87514935726705,2.43362799048733
"233",-0.452200993912334,1.10215568349001,-0.754001662311358,2.8418618993375
"243",0,1.41044568673996,0,3.19840224807511
"232",-0.883587496939515,1.03036225317459,-1.35465530266412,2.7089021188811
"227",-0.404656071313827,1.03660999541831,-0.246991311971024,2.44546295700864
"240",-0.0634287144616799,1.31940320009568,-0.577784968455825,3.00807906378859
"248",-0.734918289208921,0.997728594693754,-1.42233244817922,2.38001499809006
"237",-0.273452690795046,0.940381380277614,-1.29536578462693,2.1836417577523
"235",-0.10635945223547,0.952903404160334,-0.88402234404106,2.19888760106547
"238",-0.864873177523802,1.32427458099069,-1.71771600852734,3.01899067366167
"223",-1.37026873374437,1.05101500579314,-2.68460496829587,2.4484111011953
"239",0.0403823397830168,1.03530979628994,0.259464346461645,2.39801439219336
"224",-0.0991047831359297,1.39322672793444,-0.165247693466999,3.17735068936777
"249",0.420196994781024,0.975314363958587,1.25868635038594,2.31626623654478
"220",0.235520398797269,1.06474045589403,0.808786298681827,2.44618314872837
"221",0.806986119509016,0.90680696232118,-0.104610373709616,2.13274547573646
"251",-0.803821021153437,0.896808022015503,-1.58144379032611,2.10697789615572
"225",-0.361277619762357,0.911523243133718,-1.89159560311125,2.18678207034979
"244",-0.246809784899115,1.24823935956409,1.24047398550959,2.84879799537275
"230",-1.42728596513715,0.969609031342928,-2.59828934718498,2.2844377636146
"219",0.25374435622147,0.970384015271918,2.38342026655038,2.49361201000159
"217",0.914341019646375,0.950681344906195,2.73188108213132,2.45105470895206
"229",-0.379709569294331,0.907211859694095,-1.72283997703365,2.14649049040141
"222",0.487620466686956,1.00551512281236,2.22828586194136,2.57475051587627
"231",0.741907536148099,0.981730118516669,4.48238479480232,2.31748868658861
"226",0.862977735770428,1.05601184082919,0.918861901177194,2.42834032567806
"218",0.895634174054404,1.15236726649564,0.890909186629297,2.64694925289043
"247",0.168524320501629,1.16079721799534,0.397507957276066,2.65762100802457
"246",-0.140808959396248,1.1712081115223,0.19378146619938,2.69445413092764
"250",-0.0820145579434732,0.988822860129457,-0.686992801978329,2.3648265601341
"254",-0.129969078254881,0.96660656941502,-0.687734777866119,2.48439970242764
"253",0.121993505284823,1.29884524684495,1.24299593514993,3.01343167191289
"216",-0.768975144084841,0.959823259558857,-2.58702597437211,2.26725108010533
"255",-0.251714693316225,1.01684926598841,-0.929232870525412,2.39774362511172
"213",1.02294144399386,0.982558900011793,3.40925833822166,2.32094278610235
"236",0.61400010248675,1.12819814187187,2.14065254979542,2.58864839000341
"241",0.0645819610904236,1.03363306781809,0.312180487139618,2.64363254976416
"242",-0.225376160720821,1.04007363877778,-0.0955121797532102,2.45065249018143
"214",-1.13874976080487,1.08097185563741,-1.59745369860033,2.48791536665289
"288",0.162290629896356,1.02301514247509,0.082417937840057,2.64742760390961
"298",1.11309923461213,1.22159836832913,1.82290155184725,2.79687436775404
"257",-0.488983903390529,1.04347731169446,-1.95598092996396,2.40945968419838
"296",0.244082817732091,1.27865199779299,0.648802294414205,2.92628635604762
"301",-0.0318558502442208,1.08088036816756,-0.0102254408401983,2.48745108696451
"283",-0.60925547673217,1.0558172649152,-4.38300782115202,2.45548752644888
"286",-1.90337792377764,1.04401744402484,-4.11252016505691,2.45661319946325
"278",-0.206544914828216,1.32733656134736,-0.6940215773524,3.01816237547706
"282",-0.00190165691046982,1.21116863478883,0.284052701689285,2.78216331427242
"297",2.78087141943176,0.960756042067638,5.25973730302344,2.28325976840967
"281",-0.8294412647052,0.998602838503761,-2.46497217608198,2.31371242807912
"261",-0.547957916592454,0.972692196327635,0.758821938561577,2.35099709678866
"284",-0.442130846896658,0.989693649865661,-0.0831845092026311,2.55740201976059
"260",0.953429679187128,1.10187945804913,1.23869710299655,2.52472847581319
"264",1.4297642273184,1.04074608227739,2.89234606843352,2.40360938091854
"285",0.444666915807942,1.20065833638961,1.16254831801329,2.73292780984852
"280",-0.0990966728042935,1.04595566138625,-1.84550776389515,2.410320575562
"258",0.92279225773117,1.00921312825557,1.40240696869351,2.38152547543109
"259",0.712156314870834,1.01211839302887,2.01697394128448,2.3784804137181
"279",0.629794535988699,1.24876749016135,1.75881702331135,2.85481783369205
"268",-0.772179279177647,1.00123996474875,-0.332729065267186,2.33635541378522
"271",-0.508131932090161,0.965624096457048,-0.333317382250516,2.3067654866405
"287",-0.0585784223499669,0.891440335503762,-2.36562883690716,2.1163557354219
"274",-0.198974569419043,1.25996587837163,-1.20748592960465,2.8626470392709
"270",-1.89766457892928,0.958975288774797,-3.47514540741388,2.33569125307278
"276",0.134533070968904,0.924620508598055,-0.910880504456111,2.3669851695254
"300",0.426722358714937,1.02547166787317,0.45480761932325,2.65162966149395
"295",-0.778018385291359,1.20514265447012,-1.56314721845579,2.74552298567559
"294",-0.140808959396248,1.1712081115223,0.19378146619938,2.69445413092764
"277",1.67422821457549,0.961462214488106,2.79357166326315,2.27231393096202
"269",-1.00516061424083,0.958190752417291,-1.48243384870108,2.28057066500171
"263",-1.53639737823679,1.0179939312853,-3.89544121505962,2.63245783691936
"275",-0.273116394909126,1.04423081575951,0.595797879586989,2.44129081286632
"291",0.0377329635931512,1.04023956994593,-1.38132872253451,2.4501326412146
"292",-0.304815835139558,1.10209670866446,-0.508251086326908,2.84179831041575
"262",1.26181815593173,1.05947675393351,4.51275118242465,2.47158118333731
"289",1.46004320109384,1.08088036816756,3.02304145133103,2.48745108696451
"332",0.94789398642224,1.08220423195055,1.82982568294941,2.49014831554702
"302",0,1.41044568673996,0,3.19840224807511
"319",-0.148386782046251,1.37923793414109,-0.128778825998328,3.13598716913551
"325",0.0223026480361776,0.980283649283589,-0.147482912294434,2.32010062292244
"329",-1.28110372575048,0.959654994063053,-1.85729307986381,2.49237309745403
"335",-0.782171146723471,1.04623059702844,-0.0238617968557154,2.40961553769796
"334",-0.0134821151574457,1.02125295524548,0.000406415518065076,2.43083795674918
"310",-0.531007876466049,0.990399755998202,-0.155156170181225,2.34042911882714
"330",-0.922433817490843,0.907903581125139,-0.572528601498557,2.16302602325622
"311",-0.665611992326782,1.00047507753332,0.0146893467474308,2.37982143552312
"303",-0.313316704303363,1.02414066574397,-1.94002921864848,2.40078510171924
"307",0.479354974910132,1.01811337763621,1.1294797471678,2.39687200017236
"306",-0.396419132543719,1.10314818507952,-0.660990773867996,2.84293234957054
"316",-0.0168648908752831,1.04028431075667,-0.547777725284739,2.40842376986661
"318",0.396644623174356,0.880750439376128,0.389973604830069,2.08523460983022
"312",0.326659738539893,1.32864283815714,1.28315359658331,3.02296729517076
"326",0.971380102826152,1.04676846126818,1.28924601387667,2.74354191606671
"304",0.920772778628743,0.953545712504136,1.6010044847819,2.25477118748198
"309",-1.31433380832043,0.996519788116185,-0.0708411076837785,2.37056906783853
"324",-0.0990700003246923,0.965979842855482,1.03836442930558,2.27400875168202
"317",0.610988555928123,1.16889764804853,3.20758401202028,2.6631084114279
"315",-1.32766268957804,0.955557965715172,-2.32856654874922,2.27693587447897
"308",0.598175645798709,1.25005999758345,1.83640779698149,2.88834117322301
"322",1.06007713587542,0.972021477587088,0.38736090860408,2.29328738404479
"321",0.929643861613621,1.02556099814972,1.89118108126256,2.40530583062766
"333",0.0509028846455018,1.04615080427954,-0.96638561288037,2.4147053144298
"314",-0.506107048748997,0.919602804496233,-1.51524800755156,2.18131327048022
"305",-0.123393572046368,0.990294176816223,-1.97592576618311,2.5436161611619
"336",-0.756268214129515,1.25637564463294,-1.7455242468694,2.8760227088148
"378",0.0431401223123059,1.07944047801339,-1.34615658059806,2.48376174602651
"376",0,1.41044568673996,0,3.19840224807511
"360",0,1.41044568673996,0,3.19840224807511
"359",0,1.41044568673996,0,3.19840224807511
"344",-0.888008758910579,1.01207014102695,-0.623913271428213,2.37573790866423
"380",0.109381348610469,0.995206635127728,0.900128230522984,2.37357288630408
"379",0.177427385500788,0.917238005579687,-0.458212690023022,2.17854966326965
"338",0.0744474689983683,1.29917032266506,0.196149716747958,3.03178802532503
"340",-0.0100307766578818,1.01855674483786,0.166586727179527,2.64199265280561
"383",-0.594354938318073,0.989820843133733,-1.12223219543326,2.33711609831985
"356",-0.908716222724726,0.939825391474384,-1.73051465450932,2.24853737757689
"337",0.230243255991473,1.3199858906898,-0.236477993905033,3.00419322388649
"348",0.123556421688803,1.01522179825854,-2.32381622748598,2.39014736918613
"361",1.98800917248933,0.946474603876259,3.18118772152919,2.25757409317905
"358",-0.836138352959193,0.93961497873564,-0.35208576106046,2.45120220638208
"346",0.616267362541313,1.29627103009161,0.96140856174647,3.02203290692742
"368",1.69042625418703,0.952124614930788,2.29001486859713,2.25385654237472
"343",1.43377215937373,1.0079292176472,4.17007649370337,2.37817527436659
"370",-0.987870093734862,0.928985062577645,-1.41188195468032,2.1552162053048
"363",0.479950118986381,1.30068218121643,1.55597648093561,2.9732472098941
"366",-0.316164927325953,1.26841074782538,-0.70494003726729,2.9109639523898
"353",-0.881498571218552,1.04039446303969,-0.576122920814946,2.39870851753921
"377",-1.20541986719717,0.998172926530564,-0.378848479154967,2.31741050407791
"345",-0.17802202204828,0.98804344368359,-0.837114951365363,2.27844563674253
"382",-0.158446132362368,0.892720642733939,-0.779263898062657,2.06762058857888
"384",-2.12161421264402,0.900096236553519,-4.60302071102852,2.16204740631165
"341",0.432794667300482,0.935156286977995,2.86040280216542,2.23530453632459
"357",-0.0719528580339962,0.969236880198389,-0.763039820891763,2.27244702920675
"372",-0.520706491839881,0.967576578780441,-2.28676152589723,2.2969917750954
"351",0.11111115470726,1.20088251380346,-1.76583979228006,2.76368283111568
"373",0.865613493660643,1.01130086504097,0.295027484188221,2.37412107480211
"349",-0.0646842351705285,1.03465171557257,-0.341791628032585,2.67634590522473
"385",1.86361776806573,1.02375094234396,2.8506925063611,2.64979676160605
"352",-0.832830287046651,0.91565024133784,0.544498764331831,2.16938936763331
"362",0.381280604299555,1.02054431638063,0.745270795615355,2.39452601888171
"365",0.444434834317359,1.00008780114998,0.676522945930381,2.37434314043289
"355",-0.598858806464777,0.916002659091269,1.22610939491374,2.1901240903475
"347",-0.778129834183262,1.02173492339441,-4.45512038216032,2.38784111883768
"367",-0.615244812909213,0.959227739967073,-0.48315711727203,2.26596064412714
"371",-0.824061193307231,0.952111226570358,-0.861246196772822,2.26116193462889
"386",-0.420603150277184,1.25536537476261,-0.714971069910963,2.86803305243134
"342",-0.0597588980251223,1.35193003002997,-0.362165832626989,3.06746808583045
"364",0.515234452753906,1.01648366821935,0.479224100871217,2.35368947993768
"375",0.294745487946508,1.09280650336207,0.542583820713078,2.82361752061033
"369",1.01936205942892,1.0091331003148,1.86013153820717,2.3277329090543
"419",0.731889769096418,1.04501248792064,0.642689457799508,2.40881908432699
"397",1.18847991363956,1.06737952770042,2.73880920826594,2.45810581578779
"417",-0.0389349296501026,1.04356847327775,-0.492623515889993,2.40905153411625
"400",0.234686212593906,1.06378866958686,0.450637616389598,2.79780575198963
"394",-0.88772106483739,1.03586664097388,-2.24736062033481,2.44347591921715
"414",-0.40655053460245,1.20263421397758,-1.49962763741092,2.79351116459006
"403",0.622238526137285,1.01373378553403,0.467968424332071,2.3509110354692
"395",-0.608577271520944,0.973702532487081,-2.26073661688183,2.31554118328271
"408",-0.864493563969369,1.31000422974616,-1.08552361947765,2.99667831769913
"391",-0.0991047831359297,1.39322672793444,-0.165247693466999,3.17735068936777
"401",1.91150301516827,0.974038902548862,3.95765909544525,2.29761249576081
"399",0.44749550067025,0.976166985999752,2.1362825663267,2.32101105635144
"418",0.329027615999629,1.05306780375316,0.827646041254079,2.70637583197292
"390",0.351351901811293,1.04618899628174,0.649227288395203,2.44569828624682
"411",0.556861551229755,1.24178723778693,0.772341806125115,2.90697548466572
"413",-0.516739105398872,1.00754042832725,-1.09638570712814,2.36793345489505
"424",0.462105391318647,0.959911401081969,-2.55993237728295,2.27206155634679
"406",0.27721444295903,0.961359127396763,-1.34256457430628,2.27958147784139
"420",0.0741982778240144,1.00774542689486,2.1077053524283,2.3722401729742
"404",-0.123404892449557,1.37169353396587,0.620236992754795,3.11468220047871
"387",-1.11390883373215,0.973620722654392,-0.899338684016917,2.31511814653468
"388",0.929466350027605,0.991016257351131,0.777439249672051,2.367502622346
"407",0.487268682146472,1.02261383673604,3.60183501925263,2.3974343924818
"398",-0.255396107156238,0.898005160821233,-1.2349113867002,2.26621793760763
"392",-0.200020981939686,1.21921886402961,-0.973832310189222,2.80081146462784
"409",-0.162319526902714,1.00169253209429,-0.232858706549012,2.37845816458597
"410",-0.200206479043114,1.26013087584925,-1.42992169263876,2.93637208056567
"396",-2.0608933141037,0.99458807169984,-4.86125535121957,2.36302329089058
"416",-0.718706961727851,1.03073461623339,0.342090623695477,2.37939780389494
"415",0.268445350661392,0.97031354775408,1.07002338137787,2.31691679086822
"402",1.09254701759081,0.959192368562746,0.863730016857622,2.47597332178551
"422",-1.10953485976428,0.997547499477109,-1.65977116018465,2.34093624242449
"405",-1.14411708816027,0.996033160368717,-2.15051533949254,2.34209023224166
"423",-0.247389285252858,1.0094764957527,0.286258524989664,2.3797060051334
"389",0.258728891710426,1.00634518533725,0.395165571673369,2.37124262874268
"436",0.586738240927123,1.0380967101456,-0.280577745649585,2.43455332028072
"464",0.108448254240034,1.00899422005212,-0.0630617316875202,2.41425401684057
"460",-0.207742473297153,1.04360354099155,-0.205893730873348,2.44523737854052
"471",0.618250179043116,1.00381660880799,-0.172352255928898,2.37664549854528
"437",-0.221807983867749,1.01641825822896,-0.230431398645495,2.67524870681076
"441",0.0607102536562533,1.03414232075589,0.941404283260592,2.44012387431114
"472",0.772252412936664,0.984680426985699,3.03793460942499,2.34669656808683
"469",-0.876151322434195,0.970956018347884,-1.50637648251841,2.31141692011003
"428",-0.000472962036126506,1.02428444051615,-0.557395163343945,2.61855336453285
"445",-0.557628084200025,0.993801321806588,-2.70140176211369,2.37131181900754
"430",-1.06543426146449,1.03693924198211,-0.434933140374771,2.39751739641475
"439",-1.31486670255412,1.06926542442836,-3.01446844570545,2.77188936906431
"443",0.680362315250591,0.946106165078643,-0.610482257272324,2.22495350240073
"433",-0.311286265691704,1.01070574690854,-0.60593265030608,2.33726328319569
"435",0.739165868983584,0.922970568534803,-0.292432114374377,2.17623496066288
"459",-1.53060663131539,1.25043917214727,-3.17264695485227,2.86562208780672
"425",-1.58716453597777,1.03909475946676,-1.7232513170577,2.43144474778728
"444",0.355003812162602,0.987948298387442,2.00967428649056,2.35142829474418
"476",3.31962006431567,0.949570479881515,3.45064333094409,2.23056501818912
"448",0.913827829896247,1.06834599927155,2.90306095968368,2.46036599504991
"457",0.170908561979936,0.99343999260249,0.800720790777931,2.30503519595601
"429",-1.89098913677031,0.913344471027054,-1.51781849448073,2.17896802216842
"478",-2.12921626706028,0.886744925772859,-4.14811956947805,2.28268597482664
"434",0.296191730970088,1.00243778529642,0.562922962925115,2.37610340358115
"431",0.555430857207458,0.98835921022958,3.10159789110263,2.36391631745457
"426",0.384071315599599,1.23499770407962,1.00905727497937,2.83572570340475
"449",-0.394308226711212,0.914054671222213,-0.943089734996836,2.1738783080185
"447",0.420757543075494,0.959414486093382,-0.104350521626478,2.28548303053219
"462",-0.58452880058545,1.20722607698561,-1.89938280811399,2.80586721062449
"442",-1.23075839594373,0.972782150438439,-3.10640694200214,2.5091121823269
"463",1.08320170681548,0.992178073876888,1.82643132737774,2.31551183200609
"470",-0.17971816578461,1.32764483773439,-0.0827624211835875,3.02677937303683
"452",1.79975973918719,1.01037175849332,2.62068481093556,2.38481810560544
"427",0.384499823697411,1.02779722799527,0.499298205805363,2.37868183617774
"453",-1.59278453408962,0.969335953109408,-0.525565752748222,2.30799138044888
"446",1.08409715230715,0.904035208387183,2.70349349746793,2.3536762728396
"479",-0.247540178859325,1.00312135855073,-0.0642175208896409,2.33520667771899
"455",1.16679754824832,0.925290648960311,2.91772432777692,2.36389997286426
"477",0.0264310006855049,1.2789769376072,0.223562915882067,2.94407156096344
"454",-1.11847904247373,0.965782660278763,-4.22978831373302,2.28911295096503
"461",-0.32788732907562,1.17605906815235,0.00151769894413152,2.70947914083223
"466",0.16297302423078,1.26776896190936,1.21307773252649,2.89694537344461
"432",0.428789174472651,1.03434257129665,0.452441087175014,2.67299066049749
"34",1.22466696297527,1.01289000546415,2.55668477062009,2.42153709478513
"6",0.0111513240180888,1.31615226501181,-0.0737414561472171,3.0030067316758
"36",-0.0113137374469909,0.981818466385895,-1.03813586725479,2.32204527761171
"14",0.861179073108979,1.25921050425805,0.406338416167577,2.9169527422391
"33",-2.00316882900629,0.968092256026312,-4.16785462180349,2.30258461011876
"21",0.611576159609127,0.97148051899031,0.178249647293395,2.31735637749757
"12",-0.840954351230007,1.0327536347486,-2.21489202756108,2.37241380713591
"17",-0.692177433463795,1.20938377369584,-0.977261442580795,2.76220001408592
"15",1.57463646168598,1.02156607145088,4.06228462710026,2.41801482334654
"30",2.16688537772761,0.93722609515658,5.85613640310008,2.21893851637364
"8",-1.12007476365383,0.968536398979001,-1.94040356236603,2.26581136928817
"16",0.365899126991655,1.3179356325458,1.35115412650511,2.99976135457317
"7",1.09527783766285,1.02065167429091,1.60636599568901,2.643203973252
"28",0.591431731460118,1.21981313203638,1.61940053558824,2.79432500150504
"3",0.641277294797031,0.902099744825451,-0.467777337963654,2.15296477112878
"9",-0.621885460980647,0.908972455249356,-0.211070376466814,2.16598981771752
"37",0.747967891342608,0.991035060016768,1.94648501999176,2.36367396516704
"1",0.197900770882506,0.948435580799534,2.53863833246299,2.42101611828189
"10",-0.411936760231323,1.0100790417015,1.14052561682924,2.34414485050728
"22",0.42528512268764,0.955687951435484,-0.729454027245699,2.27309954717281
"5",-1.54052105147176,0.966875743315672,-3.41205530756182,2.30502142994136
"11",0.169637855270633,1.17434328831238,-1.24310387510072,2.67913146611473
"20",-0.373282430220451,1.03091008612479,-1.01122117476759,2.64653961176253
"2",-0.99472607840513,0.969764315394008,-2.53737646297484,2.52670931026129
"24",-0.381899871519148,1.24209490391677,-0.59022773555104,2.84379311480761
"35",-0.609765270971194,0.909890094436898,-1.86146859619782,2.16190136521161
"25",0.146284072353734,1.31918604145621,0.879925412454205,3.0059095422418
"26",0.297193155748512,0.99927948504324,1.52577628394354,2.37115855601423
"27",-0.656961025294998,0.977832097651587,-0.883922528989892,2.26056217982401
"29",-0.545057778151582,1.17649769491335,-1.0030441738445,2.71149746907708
"32",0.573123059061033,0.965307294591351,0.660193875213552,2.31357246508693
"38",-1.73614798915158,1.03577627714643,-2.62301563445101,2.44131826072703
"67",0.708209882170732,1.03912343594088,-1.60404092343102,2.43449762986871
"79",-0.00938902575736138,1.004010033703,0.00650790062550005,2.37679809259295
"51",-2.49044380790842,1.03601180997876,-2.86485822503371,2.42276392056616
"81",-0.183297722588887,1.04175172207593,0.146439190294546,2.40445798311999
"43",-0.743160768964406,1.24196839097303,-0.778216323897123,2.89612382108665
"77",-0.606450129212668,0.964676396314983,-0.854256089708889,2.30245950829732
"41",-0.191773556524207,1.244974570285,-0.459207849127669,2.84594273740748
"54",-0.34425878208378,1.37982204074797,-0.963880449303663,3.14838930725411
"70",0.456367510824227,1.02766800816503,0.472368047220392,2.66641215329039
"87",-0.104730963349217,1.26523683136541,0.0553076455036177,2.89243434252198
"69",-0.50363838711455,1.24120540871727,-1.27059700206844,2.86834274849059
"50",0.0660374584727461,0.9917677812055,-0.836158779709484,2.30260570770871
"48",-1.32181404578599,1.00742101467162,-1.57460915588185,2.37879128212609
"44",-0.981336155011347,0.994757677957421,-2.81710983441632,2.33593226616122
"62",2.37137209785431,0.95274922071704,6.41484902142019,2.25529442411604
"60",1.28123158203197,0.995073973989846,3.51960478904528,2.36691185187169
"59",-1.78399402245716,0.958565804221012,-3.32220434757311,2.2868597012126
"82",0.356822171690387,1.05158301461087,0.873990789443864,2.70456557629065
"75",0.77880271031269,0.970705999386178,1.31620241870603,2.23866766916506
"68",-0.0042944951189116,1.40196579697377,-0.177039842833115,3.18144228000105
"80",-0.4618535472664,0.920021066557324,-1.40046936007549,2.17464347078829
"52",0.494589686837408,0.961958837305877,1.83037280697258,2.29556429873317
"49",0.0420711427798002,0.997149366144436,-0.100278558901367,2.34445636413497
"64",-0.0651187290799443,0.984305017646407,0.910030152419963,2.33682066255344
"56",-0.84938589763824,1.0042607618944,-1.37641476674912,2.32128335253635
"88",-1.43106057598086,0.989064167902745,-1.15173731225809,2.37734428680974
"55",-1.28165985804134,1.24954310568833,-1.76707824513201,2.88549512032598
"53",-0.468681097735468,1.29508391568209,-0.652854182126936,2.9497752174985
"83",-0.131283384157889,1.01547213024478,-0.330618998970511,2.41554971483737
"42",0.623556036849051,0.96551643900666,1.72178429596242,2.24292595044147
"61",-0.0359764290169981,1.31410532641668,-0.381519910445882,2.99388319419889
"78",-0.375096414741176,0.934477619188832,-2.82434103429506,2.17093333121063
"47",-1.59130159020338,0.966016143154492,-1.42161285143313,2.29911405741764
"71",-0.747323671850476,1.0050294109618,-2.21036389505901,2.40562575769799
"57",0.252537347487959,0.977250331094289,-1.26904801537842,2.32473853916537
"65",-1.16782399858317,0.907581114343848,-0.743833605379285,2.16313854560205
"72",-0.308940045605609,0.990714161425628,0.371986914109312,2.31491216470015
"76",-0.00444480532554986,0.998168286886221,0.373335280281005,2.37273562415831
"40",-0.258222048663399,0.996606558354397,0.651321689395459,2.58358985423051
"74",0.443604670868445,0.994365252651451,0.558302794621831,2.5736201662678
"73",-0.42584038466429,1.01010047147132,-1.03688672718274,2.41173388577632
"63",-0.712664378589425,1.05400568336028,-2.48281420293932,2.45880236423451
"66",0.484614209896278,1.27355870294518,0.753816359500828,2.92898370922431
"86",2.06354887631836,1.00958444756136,3.19512120858405,2.40780206256679
"84",0.509681029714459,1.32159191128361,0.930065769103585,3.00448295540889
"696",0.566045495565535,1.02913750413462,0.541689407743436,2.63462930278955
"858",-0.441793748469758,1.32568071933791,-0.677327651332059,3.08332132250088
"1020",1.24744546320177,0.98661873392891,2.68143990753161,2.33189123497218
"588",-1.31726102385079,0.998359958718989,-1.77740318515829,2.36776830292912
"1123",-0.131287114852862,1.03978260476827,-0.0782505748537943,2.40376159228122
"974",-1.42452937345433,1.01847998503038,-2.46676438645362,2.63548333286378
"919",2.51935350200417,1.02171042210189,4.51223048498275,2.64411911702922
"813",1.07155827078908,0.964838469987545,1.92600043806906,2.30317772719091
"844",-0.879225895341127,0.991319610776989,-0.396932580449701,2.33425604578612
"996",-0.864493563969369,1.31000422974616,-1.08552361947765,2.99667831769913
"845",1.16496558043582,0.963994682122428,3.40973268179616,2.2924266911725
"741",-0.477853164241258,1.01981836363748,-0.141199460747765,2.64861626371293
"836",-0.314487120017499,0.972763131278053,-2.62595904763799,2.31820819528751
"1004",0.507411059420693,1.02824618571159,1.21419896589926,2.66043431243344
"1267",-0.896860157359135,0.996988988612562,-0.919091217646788,2.35013376224565
"1086",-0.0882083319051758,1.04465368038372,0.259594204550965,2.74233691244315
"1200",-0.631557791038759,1.28449972625196,-0.935810034662422,2.92778215923283
"1286",0.379796841718699,0.995796350065835,1.58590072725013,2.35742924560583
"712",0.735653212738399,0.95077715068466,-1.94965581530117,2.2697267652863
"1124",0.758359983071409,1.00867554346761,2.31235722821186,2.34123628350334
"490",0.409404907624123,0.970670476044803,1.02883507249691,2.49746480649104
"827",0.455370060603998,0.958474679675971,-1.34669340514862,2.27907196164109
"843",0.183521697917931,1.31358747560352,1.30423751535915,2.99239498209222
"735",0.722098340850542,0.993965969504332,0.270389683733199,2.31257509010735
"787",-0.512355517223506,1.05645260074051,-1.29335013676911,2.46777062889094
"1035",0.135611539681486,1.24868929132869,0.264306507304131,2.90014459570083
"1061",-0.553333886505359,0.966071440021151,-0.616374312654546,2.28508867571408
"870",-0.847710444559933,1.01190461995017,-0.970176002248903,2.38817892059201
"1050",-1.05843903843852,1.23925737887633,-1.3834096117414,2.84731074024884
"1022",-0.40356025984387,0.986081090281901,-1.27879318213815,2.33806010206938
"1021",1.4026992282226,1.00313234830702,2.27793036669551,2.6052269414518
"492",-0.472626845276882,0.99918882374217,0.804425702557402,2.37811657079168
"763",0.221156499322362,0.991896700035142,-1.14713462882569,2.32799519429676
"1264",-0.305164989378587,0.956649992151743,0.059513002262044,2.2790400650244
"1023",-1.01942639728634,0.948690995202566,-2.82540191810289,2.24454201160468
"814",-0.685944880840608,0.995518595650639,-1.76119393936334,2.37733965757538
"748",-1.07464009412395,0.954305462364376,-4.11182326049316,2.27780647516651
"802",-0.701664183453988,1.02229003062545,0.0417927979051867,2.4114320407195
"593",-0.821880706392676,1.1282486217228,-1.62426424950025,2.61524351969372
"752",2.51141652394507,1.01075194026299,2.86968728147813,2.38696058861512
"1187",0.707515304986404,1.16035725101822,1.9047639685971,2.66375407966452
"1169",1.10941699583133,1.15379488606916,2.43204897512756,2.70836968375945
"1201",-1.65574516865454,0.999982455738642,-3.9543531042415,2.36935155872868
"823",0.255032028742579,1.29774454984523,0.178903271556889,3.02279698907406
"912",0.183748405198497,1.03731099674386,1.52600413677091,2.39123791110755
"876",-0.0792230661811841,1.30048272303916,-0.389631949031329,2.95653453048459
"980",0.713746911834814,1.04216506874879,1.33372971299269,2.40020636315569
"1161",-1.62323197727771,0.991928618417898,-4.87438054842029,2.37675374037087
"610",-0.477158655298132,0.964334617091261,-1.09596724259084,2.46085627475518
"733",-1.7908812454506,1.01410057933581,-1.65032584505725,2.38937598269772
"513",0.586176289182304,0.929337790401252,2.725732343498,2.2124148174305
"645",-0.501896176447019,1.01312523068272,-1.07724435720639,2.38076644200456
"719",-0.223448240232076,0.982059338324452,-2.66125671676125,2.34394294736135
"830",0.747646859069102,0.998625734253572,3.63066910165556,2.3520618542501
"1175",-0.260353245919941,1.31379940835108,-1.14338076294861,2.99856224032167
"518",0.638629895517691,0.959807670616651,-1.94169660259874,2.32936225027805
"788",-0.157100155120755,1.00317843738269,-2.28301978639961,2.33801869166259
"1062",-0.00206104697823477,1.13356922750058,-1.34080671040194,2.66224293024477
"779",0.885138654088642,1.26160520768952,2.07407123791229,2.88653113373959
"901",0.290662932251392,0.95935529387292,0.84294545776771,2.47305452101158
"916",1.18636571544974,0.965481958216669,2.36583743893736,2.29755617206482
"781",-1.34743726518389,0.963942917370725,-1.50329621406326,2.53337846376943
"548",1.05453989169466,0.958396142997499,2.38601592578024,2.49480456415616
"482",-1.0313626613769,0.973367292774437,-0.557115125341473,2.30926298458827
"1114",0.168512908284901,1.43770008556863,0.670576108329752,3.28672291356014
"1246",-1.52257650713592,0.998789477952403,-1.7999436661839,2.37658152914018
"1193",0.341284245484581,1.06361108103366,0.639307083656781,2.73186378531215
"1043",-0.862094905253481,1.03800868545745,-2.38063023829373,2.39819009954854
"493",-0.317346590763319,0.997652468904758,-0.697456977914103,2.37558878093369
"1258",-1.15955235286659,1.06525825548721,-2.13516827512036,2.75200477746319
"486",-0.287908938697006,0.982733077023433,-2.15366629879898,2.35201920339578
"1051",-1.17097586967775,1.03721452142679,-2.52447909202563,2.3981668313529
"920",1.981633092336,1.03602238002388,3.91313791068164,2.39184281269775
"815",-0.118794648572484,0.972440210999643,-1.68132485016313,2.3511710775288
"857",-0.721581043265649,1.00162882182424,-1.18749242810969,2.32780688172539
"749",-0.0894101012452751,0.966016498363237,0.500030724801605,2.30215302467407
"569",-0.4147206323526,1.31959072583111,-1.23248608804099,3.00177430952609
"673",-0.0656193048072731,0.982910402918928,0.873824663508003,2.31011077520435
"837",-0.610447805850148,1.21665608658598,-0.427454845220322,2.79272635043222
"753",2.90533002061808,1.01072611176179,3.36663586371879,2.38881241652368
"998",0.746521161378798,0.978236700821144,4.24715263500298,2.31184511302565
"1098",-0.29067261338902,0.998476707232373,-0.19819496426743,2.34900470566156
"1287",-0.792398054378202,0.972853700127659,-1.48408239198468,2.30531973277357
"1204",0.48221919314818,0.945214736881157,2.06545777100848,2.24214646449641
"706",0.522101320770682,0.999702989552883,0.335412247970686,2.38978059516366
"607",0.844368892323607,1.00613889655309,1.38228982884938,2.56162326683175
"877",0.0252372130633151,0.996313555261821,-1.04505570485688,2.36869623880719
"1212",1.36713751510602,1.06509199052951,3.44778072133679,2.45414278296353
"798",0.18633236499424,1.10877646974424,0.212657575997435,2.57375843862323
"1157",-2.12919203046643,0.962235363560475,-2.95132380901018,2.26523287849148
"1162",-0.916600270389927,1.19633227994338,-1.42605208462396,2.79210216220175
"611",-2.22465291840669,0.940055562218172,-4.20821337398658,2.42166666399616
"734",-0.366459207731449,0.980448453814938,2.00788366408051,2.31470220980957
"514",-0.652290410303023,0.965741999077313,0.593294800046618,2.31066263813599
"646",-0.228235722556396,1.01077913186163,0.828024551617738,2.37713837178808
"726",-0.0538555838139272,1.10258074175561,-0.583940286619055,2.5444430734246
"720",-0.217835284993671,0.981266515548217,-0.81838770306999,2.33386125268323
"849",0.0510499671525126,1.24962098960002,-0.317482668379373,2.86053501966476
"831",0.805740291175001,0.995022142463503,1.84650828811356,2.34069220186602
"519",2.57750343539272,0.954516256981919,3.14445627112161,2.48175180576582
"1155",0.186429165926181,1.01445464594156,0.0127842173045083,2.35265523171662
"506",-1.78252448790559,0.996169893652106,-2.96720805882568,2.58881314963109
"756",0.643134427680848,0.982868752454045,0.898612486591184,2.59379104066196
"902",-0.331088560210356,1.0009570717466,0.414523252686865,2.60670185504131
"1167",1.61188221413115,0.95498191680351,3.7741111377288,2.48123696512735
"549",0.326291885143088,1.19539814598011,0.406647826526447,2.83397575323321
"483",-0.245722204497652,0.985718842456759,1.18639798215134,2.31841233921815
"1133",0.113695290756115,0.987915562542025,0.17817901234025,2.33936034246016
"1057",0.469915344596592,1.22692855481734,1.15624441466066,2.85404055222709
"995",-0.433572621518486,0.933630506788379,-0.452064605906443,2.20209397698658
"1131",0.175961773792825,1.30977741232934,0.403496060672495,3.00505632318059
"957",-0.0268574700548092,1.29526452082843,0.114345572314119,3.00506246708921
"624",1.65426732869079,1.00575820195855,2.21828155038107,2.56133523282955
"494",-0.199957675760674,0.974566134397951,1.49014289032993,2.34848282808433
"1170",0.255828063008445,0.962064500337313,-0.922152310735874,2.29010487538815
"487",0.045305537805084,0.975428407050397,-0.843621491453876,2.31055153639875
"1265",0.595685589423756,1.01518847654075,-0.251602043741937,2.37898531271801
"816",0.0597375432044078,0.948803177218792,1.63827232217701,2.26930886020978
"803",1.62784468962781,1.01961959935266,0.734142268183674,2.40567454951919
"674",-1.34813752167233,1.04614200322721,-3.06702383900516,2.44595432904606
"1101",-2.09752945034972,1.06871464271057,-5.76057014817537,2.46199598997639
"838",-0.612078928583476,0.968602961831423,-1.07315730014971,2.30582963736938
"1015",-1.38925838125509,1.0117820185026,-2.93061288269685,2.38525540971243
"1002",0.167557323130959,0.961162183203266,0.117677582836851,2.266858126642
"1188",0.475496569821584,1.34817760113828,0.813927322785865,3.08487685457305
"1099",-0.435332333367272,1.02075623923989,-0.517835449737179,2.64405760113648
"824",0.99143786252086,1.07198143674797,2.92104039544224,2.46891492055519
"1209",0.419628108701145,0.978599199351167,3.75680502735919,2.31465544100823
"680",-1.30652428628348,0.980843198515806,-3.4026466249198,2.32297567683392
"878",-0.0538427065610413,0.939119836798208,-0.659624610662178,2.23772055527781
"1153",-0.570547095689651,1.26127897290808,-1.14432745601067,2.87399016486146
"612",-0.869227956849781,0.950583545562799,-2.80065898609101,2.23689091284604
"713",-2.22980671389562,0.955670536836423,-3.42889555593512,2.48989427310504
"515",1.68261151179074,0.931702006079006,5.09313110957532,2.23369576099471
"667",-0.760993840506446,0.989372406506112,-0.501497488790646,2.32188836947606
"721",-0.993201131546167,0.946750846707564,-0.90892899532665,2.24972730839544
"850",-0.0120708826460386,1.01676641679574,0.580522262261528,2.38727476468927
"1119",-0.569166747527484,0.945044632643186,-0.702401541677881,2.26228984858769
"606",-1.87922543182616,1.01266994790681,-3.41234465955272,2.64684508265497
"1036",-0.427174988533799,1.17297874683055,-1.34550658202295,2.70263460679412
"1031",0.383681001436083,1.06632123237206,-0.394668252714804,2.44958292587605
"1063",1.16441451473605,1.00331971011093,1.33769229502902,2.60533330315872
"757",-1.31250623220821,1.0163441002734,-2.53266677568549,2.41527518728231
"1271",-0.271150743900087,0.977822859049065,2.00836086754435,2.31472274592529
"871",-1.82307135106212,1.04754126845738,-4.55009293699113,2.44503710993649
"777",0.405755875932579,0.981792814420555,-0.642846178364194,2.31289762850959
"786",0.464821930806811,1.32474964301334,0.945590540631282,3.01971964594096
"917",-0.51305597758215,1.15318332904277,-0.973819699710159,2.64659841300348
"550",1.19571283075271,0.990978841792793,2.91327833671872,2.33435957612029
"1115",0.0339383479398973,1.01769828680049,-1.17629091330619,2.42046614066752
"958",0.136170578784503,1.29535313385694,0.12904650861261,3.00378737859778
"689",-0.519464787795342,1.00357316475077,0.983884801990418,2.36240082586564
"603",-0.294306398791754,1.05427702768583,-0.281226176511989,2.71276447116395
"1044",-0.00565686872349548,1.31643824453204,-0.519067933627396,3.00338247201195
"495",-0.461216908745422,1.30310782538802,-0.286264300749279,2.97355058804955
"499",0.0372237344991842,1.3834661753205,0.0980748583739791,3.1575730178406
"691",-0.490566935182185,1.03999985985943,-2.74010850434585,2.4013760370118
"927",0.527441637247621,1.05527192944795,1.16363133288708,2.70208860449144
"984",-1.76706661571265,1.02865234109091,-2.36278246946904,2.62478975843301
"750",-1.58411191793254,0.968641774345815,-1.07071987645478,2.31265447244725
"804",-0.395934544690872,1.1953878712946,-0.0200874628365435,2.7468133220143
"594",-0.337273292233707,1.23383165711224,-0.781182398884992,2.83687860204172
"1066",-1.36624735088637,0.992897132529005,-3.46229075979508,2.57618319795448
"1245",1.0051456054001,1.01559235569675,2.68580558344288,2.38726995042207
"937",1.46686913304609,1.19294072731338,2.86833042052086,2.72861908258486
"1056",0.199460435811942,1.02823352924275,1.3353505835245,2.67162431966447
"1268",1.99406303189418,0.974446093518226,3.86828891928087,2.4639133261011
"754",1.95305937132494,1.00823186281121,2.21428673229048,2.61639305785518
"999",1.17851007876369,1.15139013084166,3.88850934235812,2.66129335399562
"1240",0.899387187897659,0.988541609418992,3.3219654870818,2.32349370458571
"1202",0.00571065388138484,1.00630557476712,2.11832079597872,2.37766442437769
"1205",-1.2787665095106,0.951070325624205,-1.70140663263248,2.29469857025601
"879",0.352866361788227,0.997066729594201,-2.58522776468686,2.37095419216041
"981",-0.174292230651068,1.02157000469657,-0.0327419290054954,2.64177091376425
"1158",-1.84552854373308,0.94553695698825,-1.84719899823189,2.23975253456248
"737",0.159319009542974,0.991164813646964,0.251508573033616,2.55587949909398
"1163",-1.33787115618658,0.958797378068741,-1.67345444802239,2.30345217992494
"714",-0.0892550453458862,0.95453276685658,0.212167724243532,2.46334458231784
"516",0.275165918899594,0.989531261508642,1.57393995015111,2.36725328615413
"590",0.960907051084433,1.00439962323303,0.701866423164378,2.3808270510389
"668",-0.496992099012801,1.22209402607176,0.238450500345857,2.79681363097509
"647",-0.197154113355606,1.30418241129388,-0.471544867498418,2.97552842868074
"727",0.0402456723298418,0.970760508261263,-0.441754604407912,2.33390955707099
"722",0.919825339223941,0.975010676742569,1.25895281655016,2.31760183932321
"1120",1.65209607242317,0.946843250699538,-0.195051736235743,2.24208915703571
"520",0.655626101166252,0.953171830005618,0.895729602365159,2.27486139761213
"1032",-2.13341497808337,1.04033196794458,-4.01963290110907,2.70516455945671
"1272",0.86729476442311,1.00145615782922,3.63360256817186,2.37594770955775
"1173",-0.0983696609774783,1.04461133385686,2.69160996454163,2.40804128506061
"1168",-0.79150387990524,0.971107951251765,-0.658426960468542,2.31066925662813
"923",0.350615455952162,1.03698793233004,1.67950773007199,2.3963016069599
"1166",-0.508343319046349,1.0200802531671,0.564544664097904,2.38999609294967
"1058",0.516248646370028,0.998843904862411,1.34689578470609,2.63571613484249
"959",-0.287327663786303,1.01422256703379,-1.16545739196179,2.37347187004134
"1222",0.245613535762115,1.0144347721815,-0.233603495136378,2.34027613600568
"604",-2.15236740878254,1.05420649008286,-3.37936419272469,2.7126983117865
"1054",-1.52487452137827,1.01272192404557,-4.08611885508124,2.42547734117793
"500",0.154407450386307,1.3613213054728,0.293467433278053,3.13069903003984
"764",1.40302738146871,1.01524536184976,1.69976494624833,2.38500099792424
"1266",0.511360698840863,1.00723357226393,0.432939917580073,2.61059938603216
"685",-0.857098191958745,0.981555560404653,-2.49708346049753,2.32575058410281
"707",0.384569876897741,1.02083423402186,0.16809833485748,2.64016763259084
"1148",-0.0593973242862423,1.31469683479682,-0.840662425081566,3.00904205093929
"1013",-0.38038715684865,1.00956428704004,-1.24269771146472,2.36556986377714
"1067",0.402228618062272,1.00611541037504,-0.432671944475743,2.37863139037746
"491",0.00447228729381034,1.03873897500071,0.22608058654199,2.3979991134556
"1269",-0.202293264212227,0.994528236806918,1.60849389069192,2.34206835311641
"1241",1.34136869011599,0.97977561146781,3.49266246901818,2.5028749317299
"1003",-1.14879113042384,1.00901267872413,-1.36501721165068,2.37141632928569
"1103",0.269651699244422,1.02956687662712,0.75476983411617,2.42515580018032
"1039",-0.339545134837092,1.09538603040114,-0.689327906162247,2.82399238732325
"1071",1.86743077040024,1.01596999296017,5.78155164525641,2.35226594255261
"738",0.701408990396446,1.00384601751299,1.8363199518246,2.32918798386247
"649",-0.366630241330253,0.995304057513952,-3.09107537110004,2.33075236413973
"523",0.439418270527719,1.02217115474915,2.1798006759512,2.42962756020039
"1213",0.492781659936765,1.3443000044874,1.23745668751743,3.06159568062881
"799",0.574414767248058,1.17876188829393,0.650974241793745,2.71442177639786
"897",-0.10123265386378,1.00744023229916,-0.0734434550471493,2.59414885278877
"650",-1.06459601523322,1.31281834240466,-1.47566190450509,2.99251611588286
"1154",-0.42469294881912,1.32066373309132,-0.688207383374559,3.00323522323169
"715",-0.604788931302945,0.973722881541823,-2.69692221411206,2.31771919378822
"773",-1.46209382362544,0.969491221646878,-1.72661427044126,2.2802637486852
"766",0.978201374152528,1.01531334871604,2.79167404017841,2.41257361194953
"704",-0.136452794848061,1.30737827428685,-0.424401785402535,2.98830485314451
"728",-0.536019017414354,0.982094931689953,-1.69229473253954,2.35694257784371
"851",-0.0738648491885106,0.991664493338169,-0.837247773148359,2.33156768644422
"832",0.0993814914750554,1.03571144308629,3.07416234598151,2.43716621512935
"936",0.856560332225868,1.03811892692594,-0.269277298242898,2.6700990895885
"846",0.53297781865129,1.03678171200235,0.205553495784512,2.43912486539776
"1156",0.258155163479168,1.23135489069695,0.21606304596449,2.82237206979623
"1037",0.133797815753067,0.956949630772871,-0.54849266862525,2.29279063783715
"758",-0.351300234195494,1.01636593075181,0.0155541447198579,2.41610108199101
"903",-0.416415143523326,1.30446219475615,0.272249382165915,2.97470927360457
"784",2.11623096192728,1.01612826042896,4.07183787137072,2.67345360637613
"918",-1.37842037969908,1.00201708003063,-3.56999310626559,2.39240269633508
"970",2.03847110965654,0.9945863452138,3.24829989034731,2.31687464280565
"1049",0.732135805272795,1.03667353826297,1.39186972824363,2.42579172828658
"1059",1.24487454484893,0.975508072624058,3.04915963916293,2.32905564352451
"690",1.63888207425485,1.03001281724532,3.35983380434995,2.4272200308999
"605",-0.658630511925396,1.31954478068229,-0.888701592579147,3.01229387501583
"496",-0.752754009199055,0.996718658834144,-1.73431710728363,2.37241788499198
"994",-1.4063973036071,1.05513411099807,-1.43325568832913,2.70886752764782
"488",-0.65822070116718,1.0017796830027,-0.116566122035321,2.37393411012436
"762",1.27999533232217,1.01342465104807,1.35379122492614,2.35378604240103
"1307",-0.609090808203772,1.05829503028899,-1.03190825259118,2.44145811807666
"1055",0.394311057511409,1.02230689385826,0.387161942746335,2.43380913649856
"724",0.928638962307459,1.06826683440699,-0.124669970697072,2.46667349192224
"1034",-0.293085513518985,1.06917825209253,0.412364275570143,2.45070035090245
"708",0.30572640057899,1.03896928629879,0.629736511242299,2.39327235453845
"1207",0.311402743758823,0.986859311139198,1.39794281790648,2.54918842902006
"928",-0.937058659302139,1.03338901974804,-3.5994613424042,2.38812172252087
"805",-1.40254726579087,1.01675999459969,-2.74495342855288,2.63453325979453
"595",-0.273617525712274,0.98258301208415,-1.35640774773555,2.32003259206553
"1068",0.910093334159467,1.00347518347123,0.587121948828331,2.3741371143219
"938",2.27681967174936,1.05251035148989,3.72956462803395,2.69782019006967
"839",0.169837455965939,0.955237538421671,0.114849639734914,2.28290876282396
"939",1.45266501030904,1.32189621176619,1.6833179318594,3.01644474434778
"1217",0.210098497390512,1.3152289928254,0.629343175192968,3.00226664788594
"1242",0.590430327018158,0.9906932014312,1.1967256958446,2.35703355677456
"1104",0.557605555652965,1.03326398634403,0.96170748864362,2.43439474391162
"1151",0.0361018559948845,1.03884216456025,1.19815388707856,2.3986752757242
"1203",-1.42850860524166,1.00477917117385,-3.93596271638227,2.37294168241179
"1210",0.278711423668611,0.956888655204427,-0.00150021500061163,2.2669778051382
"913",-0.123404892449557,1.37169353396587,0.620236992754795,3.11468220047871
"982",0.0854542809899681,1.31861614246074,0.400360395388966,3.00010491800169
"800",1.08597114452121,1.02847375398974,1.7217633295206,2.37724717827728
"898",0.250914245853278,1.05480510263267,-0.461818435978142,2.42115631286818
"1164",-2.15965907345316,0.975068246648799,-3.09051574181118,2.33297372716939
"1281",-1.15600655289715,0.999356413099255,-3.28381164912249,2.39534357810143
"591",0.165097868645967,1.00261748437338,2.55140812618388,2.3759377780502
"669",0.513917773340661,1.01571634129859,0.668618228209265,2.38259671197473
"767",-0.773065460784441,1.01381596954636,0.125952730803276,2.40891410442584
"705",-0.036446756605769,1.30277977527239,0.229309618210737,2.9681340763373
"729",-0.662858169086869,0.997000131460341,-3.58526060282878,2.39292863127245
"986",0.194718268052023,1.00048017641669,0.938505075812532,2.37568515589881
"723",-0.645746471637279,0.99662953938811,-1.62157552654537,2.59780547882247
"852",-0.0359764290169981,1.31410532641668,-0.381519910445882,2.99388319419889
"819",3.01228568525223,1.01721707512802,4.44605524802211,2.7189244013282
"847",0.563475424031966,1.0351116510944,0.157109527623079,2.43517832624342
"508",-0.373536067202019,1.04138371979681,-1.32221929011919,2.66564383582296
"780",0.760119677126762,1.05583731222377,-0.109241674016072,2.43264155063605
"1230",0.724066234731322,1.03210806674354,0.813882690917588,2.6938159044563
"904",-0.107814755204958,0.965121745960771,0.13187514090887,2.29119759961294
"785",0.285143580144317,1.03416809382428,2.6934307599544,2.41822904013129
"1106",0.285215412273954,1.01328755852377,-0.701468753081989,2.35190923420138
"931",-0.619653992534479,1.02006982874999,-1.60163315663313,2.63359894689338
"971",0.593182857724868,1.31341411190188,1.18291871946868,2.99867033805272
"924",-1.71249378765321,1.00551511191195,-1.69077500643242,2.60634467385812
"969",0.0672685867818139,1.0374649464158,1.09377843588107,2.39511172790685
"1060",1.09294097913154,0.984556931512907,1.24649439354454,2.34250585823473
"546",0.454280088807947,1.00386176624219,0.310204370194997,2.36651547131559
"1223",0.545196624257587,1.26184489640867,0.980847328994675,2.87466017622946
"1171",0.0843025460381076,1.30332845486819,-0.165441241991658,2.97228846324949
"941",-0.238045199809839,1.2739109227315,-1.50834647297544,2.93255393378584
"501",0.0372237344991842,1.3834661753205,0.0980748583739791,3.1575730178406
"686",-1.45162641985503,0.98895102541959,-3.70818447387626,2.34762210200051
"921",1.91756084249613,1.01938690969661,3.50879910879298,2.6415312056461
"1149",-0.361424127755382,1.04597544358373,-1.78133156861023,2.67703182807522
"929",-1.66925149868368,1.00717066422091,-3.94329845078669,2.62588350661181
"806",0.180084053786622,1.02305026914499,1.60208761708315,2.41247971807509
"1215",-0.284619124942731,1.03880798876006,-0.784634148389032,2.40118022515094
"1069",-0.225962141760756,0.987506832511214,0.558103616032158,2.33260992075666
"840",0.657360553553057,0.976039299206453,0.880371704418577,2.32483288982523
"755",0.871404608523031,1.01210126117104,0.221250148614464,2.39069656530791
"1218",0.210098497390512,1.3152289928254,0.629343175192968,3.00226664788594
"694",1.21872399716095,1.04210588302729,2.99383361268589,2.69342242925729
"1016",0.389401355156345,1.31437639614518,0.658101209353013,2.98751417379234
"1105",0.353757652493202,1.35226662087407,0.952381984298551,3.07347184054145
"834",1.3310894338253,1.04257375259276,1.54364626922099,2.44797602855273
"1100",1.37414065311192,1.02693550007284,3.5154212156888,2.41612423148296
"1147",-0.177052338292896,1.0245023637064,-0.48646225102276,2.36980786404498
"1095",-0.466862473957193,1.03664884422307,0.139065571133018,2.39366091470221
"651",-1.53983528403752,1.03841003080739,-4.00128198518461,2.3970808220984
"1001",0.643071705995955,1.01888833317355,1.35091872654079,2.64270753362956
"613",-0.875420524875482,1.23132831416009,-2.16910832468205,2.83078538461425
"716",-0.683071893953348,0.997026124563331,-0.815478444311736,2.37141493542088
"774",1.45572219304905,1.01178974039934,3.50721855872902,2.38056007170931
"592",0.293088144591152,1.30687985622225,1.362866171749,2.98262091732514
"987",-1.62308443420328,1.02828556308796,-3.09618764305575,2.43212982543062
"972",0.0737602279730908,1.03972724241231,-0.628906436645875,2.40318362608949
"1292",0.402870145587501,1.3189143423402,0.923254144056781,3.0069989526666
"1121",-0.687961496796368,1.00787518651876,-2.24656154491887,2.61027560873355
"602",0.686132243758856,1.05554530667666,1.26737415291616,2.70072595591947
"848",-0.286528070145063,1.01980404571195,-2.08573538431896,2.39842767300958
"1038",0.625698134350697,1.00767053178091,1.04902841030673,2.41227266729286
"1134",-1.21788690334633,1.00854542522587,-1.72151047460285,2.38596376195236
"547",-0.216786310759243,1.30764454544574,-0.226032302953222,2.98071085082721
"747",0.941869939688418,1.02445296586209,0.929169416214375,2.43488167806229
"1172",-1.46738798186968,1.04199734245261,-2.17823938009553,2.4101513474402
"817",-1.40208300542906,1.03718971017974,-1.47238404063038,2.39866557650758
"684",0.136917181353609,1.00893627829997,0.168917087211884,2.38920758465624
"1012",-0.561372165317519,1.02728336502247,-0.76440558167152,2.42008363131162
"1289",1.26592056724189,1.02991354868842,4.51593088805579,2.4088294487026
"835",0.831912497464712,0.995779893244922,1.2514374953749,2.59200545121792
"751",1.65981003215783,1.31051089293379,1.72532166547205,2.9859986236536
"1239",0.913806720195273,1.00831714359869,2.64521654026274,2.61904647458126
"822",-0.37559613150568,1.03746451028419,-2.11398490434488,2.3958295143698
"1102",-0.000964822055269352,1.03610329907251,0.687243625294014,2.44035470532868
"833",0.337543694076471,1.04136774551344,1.36483067668134,2.44535293944923
"886",-0.905110555372116,1.05515478281716,-1.2937780310645,2.70376217842409
"1208",-0.779632320679381,1.00450946746345,-3.71972569840575,2.37759890088022
"1308",0.269685802794326,1.03742088361056,1.34589175761358,2.39918388638746
"648",-0.520909273712462,1.02053853210679,1.31453384943296,2.39230563660191
"797",0.734050195543753,0.970445253293258,0.163177987234648,2.49622969272432
"1092",1.29175720940305,1.04486548361978,2.00047733256989,2.70092467726647
"896",-1.58506659289529,1.03781949786286,-2.69196294383368,2.68380572554432
"1093",-0.595431879473952,1.01614918292129,-0.377804219328897,2.63101029866727
"609",-1.30543853892407,1.00971000824922,-2.03836486003062,2.37925331532608
"1280",-2.37777868951132,1.00701644168732,-3.4566932308561,2.41723643886976
"880",0.988079063096887,1.03390157635354,1.91168343739727,2.39116733091461
"589",0.293088144591152,1.30687985622225,1.362866171749,2.98262091732514
"725",-0.364098549524407,1.00009938991456,-0.31769491190159,2.39861284989211
"829",0.305494277964061,1.35410420733999,1.60379200601014,3.07333195540661
"1300",0.799114702232792,1.03638473356651,-0.571327677213822,2.39343208941239
"818",1.0070667488295,1.03646819711228,1.0639349164238,2.42458964519691
"935",-0.695374472181425,1.05053964390767,-2.6627453109575,2.70275313119018
"1138",-0.39552108102544,1.02250238277162,-2.32981719505246,2.39817325656666
"1017",0.200520903189389,1.03838713144148,0.354273096470547,2.44698927675519
"900",-0.608846368324179,1.00528624815882,1.26658009063831,2.3800099740849
"732",0.504216215624511,1.01795606532767,0.424257400396956,2.42317172378551
"1135",0.232410965403405,1.38951724731956,0.472795270315641,3.15468055282771
"930",0.600699663616181,1.04465154189175,-0.634430693622479,2.43677184271238
"1165",0.0143653341211992,1.0206357942423,-1.43830659446446,2.39143681399825
"544",-0.643428705511669,1.00721291669282,-0.937417459524089,2.61402458161131
"778",1.34743240856394,1.05658896930394,2.09899708833043,2.70629211613033
"517",0.637943066196833,1.04376611745248,0.122131195610368,2.40986183564862
"940",0.632976213613675,1.03669308747589,-0.399062215962235,2.39522142486482
"484",0.0887136927503939,1.30474103413377,-0.229106345011511,2.97638242909106
"498",0.1259527870028,1.09583267884337,0.246022019003192,2.82704920249054
"1206",-0.276248594038568,1.03412398097663,1.76367543043892,2.39165600920708
"801",-1.72032053090644,0.997844443483477,-4.30271619504548,2.35852593773128
"1125",-0.510509110170106,1.06352174974333,0.152032308223336,2.45069843144608
"658",0.64155804912688,1.04155690875809,0.380510301261603,2.40346351065239
"1244",0.995218017823745,1.01668064367315,3.06864809969381,2.38722862104846
"1122",-0.950807735022163,1.0154995554242,-0.3110152514408,2.3521613541322
"543",0.97652968566247,1.32141993655668,1.10714336614524,3.06328432628561
"693",0.997502627388311,1.0615034581344,3.59357323122659,2.43681569126472
"1014",0.628966864671285,1.01288115814001,1.66323253069347,2.38686752817831
"1309",0.247294843418704,1.31276767845657,0.915186403486291,2.99828894000787
"653",-0.381241463515552,1.0408591395523,-0.9570430524341,2.40114313198431
"522",0.717810692866469,1.0231524164952,0.491920319844274,2.4300075594774
"875",-0.829095753355446,0.999030630567173,-1.63997252824927,2.59199679356959
"1094",-0.92276427186654,1.30978158892625,-0.923599499115947,2.98771744972457
"841",0.272963239759908,1.04077169417161,0.638215853240232,2.43324163012228
"1152",-1.28600621104943,1.04307660019368,-3.23391543372751,2.40250718947661
"1159",-0.576981841585888,1.07132202153913,-1.48440387327756,2.46510676913225
"1160",-1.80366271868346,0.990674661179858,-3.30636221937823,2.62033708712702
"1000",-0.616601565574947,1.03640593679601,0.45142626778572,2.39750060267678
"856",-1.32691544802839,1.03638577739743,-3.61123355918613,2.39102905175809
"769",-0.655600471290068,1.03715859069862,-0.693087859999002,2.39360076929811
"985",-0.085299137169432,1.02675480574837,-1.00287009634315,2.42660304333351
"1273",-1.9760693453213,1.01333679237874,-2.13538221525894,2.34597555837196
"820",-0.58787991438133,1.24836325034599,-1.28819070197061,2.87300976594538
"1291",0.635360140534568,1.04065851632581,1.06981135793947,2.40206043402732
"1118",0.609620801937912,1.00778870448919,-0.827259415468964,2.37905870394196
"1301",0.826048036211584,1.31001748529603,-0.0975258681178716,2.98815556027346
"1139",-0.967053419310988,1.02238954678144,-2.79743246572906,2.39595479443207
"983",-0.734448579109382,1.04686009124455,0.107639655228397,2.41566682566857
"826",0.740155072837415,1.03685411926651,0.339020925455079,2.39771240059391
"1018",-1.3821672443644,1.0389098465411,-1.60771752753488,2.44501856494987
"1270",-0.319415690010946,0.976753266693851,-2.61552934235287,2.3175009013555
"619",0.671744607329525,1.03833639180435,1.85514370432355,2.39848321186003
"783",0.805941107065574,1.31149357291141,1.8870555688644,3.03503985552867
"776",0.397284128291638,1.01117976926337,0.727793769482927,2.37522461806863
"874",0.37976401067053,1.08250423473539,0.564513706368753,2.79390774007162
"1132",-1.00754173824971,1.00698777667762,-1.92296639619283,2.38012974448655
"545",0.937255126733274,1.01523805692164,2.36144022054332,2.38110350780085
"746",0.716445134544061,1.02281449152369,1.18112582707795,2.42941647199509
"1285",-0.259732393897671,1.32053305550618,0.491942400995209,3.01124013005964
"134",-0.0213318796087251,1.29238881948889,0.531970144913885,2.94088431226566
"103",0.270590057359395,1.05993728227996,0.265428569525946,2.44746626077228
"126",0.598196319661239,1.04037287742075,1.65554084820937,2.43351381350314
"115",-0.816063873580732,1.02151945902484,-1.76704878305761,2.64007894024633
"124",0.260351751886962,1.04095078203191,-1.24658178445975,2.40335669646567
"159",0.955235510647086,1.04782846271969,0.568808792093902,2.4475611964317
"105",0.985843441816675,1.0407611975415,1.616115301553,2.42529290571821
"137",0.975420321576756,1.06065706571427,1.73253952333937,2.71570295381386
"132",-0.622123110071085,1.01502097429645,-2.36794293119213,2.39077741317611
"151",-0.723893366993557,1.00465054967415,-1.52220905838185,2.60870799015272
"107",0.652570899538812,1.03879577716807,0.384315241141992,2.39966286161016
"141",-0.10051068438467,1.03908929727093,2.19809249367282,2.4006614513281
"120",-0.108929008978619,1.00099257554567,2.16509510252814,2.37410805227137
"114",0.320638647398516,1.3020997518762,-0.233888668981827,2.97172458882032
"142",-0.331646714058671,1.06746214678354,0.327721620164132,2.44870858235952
"123",0.464373720259979,1.01326169581963,0.837754537197622,2.38491367417206
"149",-0.171081616001537,1.00533707491931,0.532349863804168,2.6115058675345
"138",0.00877543823568167,1.03902895062793,1.34647225361259,2.40316447727444
"157",-0.564777199783619,1.01090952116752,-0.615496494392768,2.41821102791291
"97",0.522588936766511,1.00788266956522,1.16618871145103,2.38437669582022
"113",-0.475188207114021,1.07702477119328,-0.435783229452525,2.4787059848492
"130",0.429158091816774,1.02856154453147,-0.0184812483138193,2.4304647892431
"155",-0.496600565773084,1.31000078926232,-0.454464497663325,2.98959043112998
"100",-0.284583373763742,1.30969275628082,-0.351200770838941,2.99195948253392
"145",1.50614284262611,1.32314036327048,2.22302762401106,3.08552591633961
"133",-0.447999189662189,1.0404541748104,-2.54494810155988,2.44853391974974
"90",-0.263162433117903,1.04609373562389,-0.849887498829522,2.44777827190869
"110",0.31736763159675,1.01992358890368,0.0873704057248939,2.42343746124972
"127",-0.973594215387924,1.04636591120597,-0.0854868406458631,2.43815798960831
"117",0.147356820171941,1.0424691896812,1.5800799708236,2.40699272515943
"95",-0.272528889075791,1.35574867986903,-0.501522086922248,3.08389158962694
"158",-0.795915010376693,1.04289090713975,-0.762060624405798,2.40749031074699
"131",0.343629501215049,1.07257412057984,0.591986784279517,2.46810347000763
"144",0.117330054626041,1.04425568504388,1.09976101431572,2.40527467211382
